

/*Table structure for table `gen_table` */

DROP TABLE IF EXISTS `gen_table`;

CREATE TABLE `gen_table` (
  `table_id` bigint(20) NOT NULL AUTO_INCREMENT COMMENT 'ç¼–å·',
  `table_name` varchar(200) DEFAULT '' COMMENT 'è¡¨åç§°',
  `table_comment` varchar(500) DEFAULT '' COMMENT 'è¡¨æè¿°',
  `class_name` varchar(100) DEFAULT '' COMMENT 'å®ä½“ç±»åç§°',
  `tpl_category` varchar(200) DEFAULT 'crud' COMMENT 'ä½¿ç”¨çš„æ¨¡æ¿ï¼ˆcrudå•è¡¨æ“ä½œ treeæ ‘è¡¨æ“ä½œï¼‰',
  `package_name` varchar(100) DEFAULT NULL COMMENT 'ç”ŸæˆåŒ…è·¯å¾„',
  `module_name` varchar(30) DEFAULT NULL COMMENT 'ç”Ÿæˆæ¨¡å—å',
  `business_name` varchar(30) DEFAULT NULL COMMENT 'ç”Ÿæˆä¸šåŠ¡å',
  `function_name` varchar(50) DEFAULT NULL COMMENT 'ç”ŸæˆåŠŸèƒ½å',
  `function_author` varchar(50) DEFAULT NULL COMMENT 'ç”ŸæˆåŠŸèƒ½ä½œè€…',
  `options` varchar(1000) DEFAULT NULL COMMENT 'å…¶å®ƒç”Ÿæˆé€‰é¡¹',
  `create_by` varchar(64) DEFAULT '' COMMENT 'åˆ›å»ºè€…',
  `create_time` datetime DEFAULT NULL COMMENT 'åˆ›å»ºæ—¶é—´',
  `update_by` varchar(64) DEFAULT '' COMMENT 'æ›´æ–°è€…',
  `update_time` datetime DEFAULT NULL COMMENT 'æ›´æ–°æ—¶é—´',
  `remark` varchar(500) DEFAULT NULL COMMENT 'å¤‡æ³¨',
  PRIMARY KEY (`table_id`)
) ENGINE=InnoDB DEFAULT CHARSET=utf8 COMMENT='ä»£ç ç”Ÿæˆä¸šåŠ¡è¡¨';

/*Data for the table `gen_table` */

/*Table structure for table `gen_table_column` */

DROP TABLE IF EXISTS `gen_table_column`;

CREATE TABLE `gen_table_column` (
  `column_id` bigint(20) NOT NULL AUTO_INCREMENT COMMENT 'ç¼–å·',
  `table_id` varchar(64) DEFAULT NULL COMMENT 'å½’å±è¡¨ç¼–å·',
  `column_name` varchar(200) DEFAULT NULL COMMENT 'åˆ—åç§°',
  `column_comment` varchar(500) DEFAULT NULL COMMENT 'åˆ—æè¿°',
  `column_type` varchar(100) DEFAULT NULL COMMENT 'åˆ—ç±»å‹',
  `java_type` varchar(500) DEFAULT NULL COMMENT 'JAVAç±»å‹',
  `java_field` varchar(200) DEFAULT NULL COMMENT 'JAVAå­—æ®µå',
  `is_pk` char(1) DEFAULT NULL COMMENT 'æ˜¯å¦ä¸»é”®ï¼ˆ1æ˜¯ï¼‰',
  `is_increment` char(1) DEFAULT NULL COMMENT 'æ˜¯å¦è‡ªå¢ï¼ˆ1æ˜¯ï¼‰',
  `is_required` char(1) DEFAULT NULL COMMENT 'æ˜¯å¦å¿…å¡«ï¼ˆ1æ˜¯ï¼‰',
  `is_insert` char(1) DEFAULT NULL COMMENT 'æ˜¯å¦ä¸ºæ’å…¥å­—æ®µï¼ˆ1æ˜¯ï¼‰',
  `is_edit` char(1) DEFAULT NULL COMMENT 'æ˜¯å¦ç¼–è¾‘å­—æ®µï¼ˆ1æ˜¯ï¼‰',
  `is_list` char(1) DEFAULT NULL COMMENT 'æ˜¯å¦åˆ—è¡¨å­—æ®µï¼ˆ1æ˜¯ï¼‰',
  `is_query` char(1) DEFAULT NULL COMMENT 'æ˜¯å¦æŸ¥è¯¢å­—æ®µï¼ˆ1æ˜¯ï¼‰',
  `query_type` varchar(200) DEFAULT 'EQ' COMMENT 'æŸ¥è¯¢æ–¹å¼ï¼ˆç­‰äºã€ä¸ç­‰äºã€å¤§äºã€å°äºã€èŒƒå›´ï¼‰',
  `html_type` varchar(200) DEFAULT NULL COMMENT 'æ˜¾ç¤ºç±»å‹ï¼ˆæ–‡æœ¬æ¡†ã€æ–‡æœ¬åŸŸã€ä¸‹æ‹‰æ¡†ã€å¤é€‰æ¡†ã€å•é€‰æ¡†ã€æ—¥æœŸæ§ä»¶ï¼‰',
  `dict_type` varchar(200) DEFAULT '' COMMENT 'å­—å…¸ç±»å‹',
  `sort` int(11) DEFAULT NULL COMMENT 'æ’åº',
  `create_by` varchar(64) DEFAULT '' COMMENT 'åˆ›å»ºè€…',
  `create_time` datetime DEFAULT NULL COMMENT 'åˆ›å»ºæ—¶é—´',
  `update_by` varchar(64) DEFAULT '' COMMENT 'æ›´æ–°è€…',
  `update_time` datetime DEFAULT NULL COMMENT 'æ›´æ–°æ—¶é—´',
  PRIMARY KEY (`column_id`)
) ENGINE=InnoDB DEFAULT CHARSET=utf8 COMMENT='ä»£ç ç”Ÿæˆä¸šåŠ¡è¡¨å­—æ®µ';

/*Data for the table `gen_table_column` */

/*Table structure for table `qrtz_blob_triggers` */

DROP TABLE IF EXISTS `qrtz_blob_triggers`;

CREATE TABLE `qrtz_blob_triggers` (
  `sched_name` varchar(120) NOT NULL,
  `trigger_name` varchar(200) NOT NULL,
  `trigger_group` varchar(200) NOT NULL,
  `blob_data` blob,
  PRIMARY KEY (`sched_name`,`trigger_name`,`trigger_group`),
  CONSTRAINT `qrtz_blob_triggers_ibfk_1` FOREIGN KEY (`sched_name`, `trigger_name`, `trigger_group`) REFERENCES `qrtz_triggers` (`sched_name`, `trigger_name`, `trigger_group`)
) ENGINE=InnoDB DEFAULT CHARSET=utf8;

/*Data for the table `qrtz_blob_triggers` */

/*Table structure for table `qrtz_calendars` */

DROP TABLE IF EXISTS `qrtz_calendars`;

CREATE TABLE `qrtz_calendars` (
  `sched_name` varchar(120) NOT NULL,
  `calendar_name` varchar(200) NOT NULL,
  `calendar` blob NOT NULL,
  PRIMARY KEY (`sched_name`,`calendar_name`)
) ENGINE=InnoDB DEFAULT CHARSET=utf8;

/*Data for the table `qrtz_calendars` */

/*Table structure for table `qrtz_cron_triggers` */

DROP TABLE IF EXISTS `qrtz_cron_triggers`;

CREATE TABLE `qrtz_cron_triggers` (
  `sched_name` varchar(120) NOT NULL,
  `trigger_name` varchar(200) NOT NULL,
  `trigger_group` varchar(200) NOT NULL,
  `cron_expression` varchar(200) NOT NULL,
  `time_zone_id` varchar(80) DEFAULT NULL,
  PRIMARY KEY (`sched_name`,`trigger_name`,`trigger_group`),
  CONSTRAINT `qrtz_cron_triggers_ibfk_1` FOREIGN KEY (`sched_name`, `trigger_name`, `trigger_group`) REFERENCES `qrtz_triggers` (`sched_name`, `trigger_name`, `trigger_group`)
) ENGINE=InnoDB DEFAULT CHARSET=utf8;

/*Data for the table `qrtz_cron_triggers` */

insert  into `qrtz_cron_triggers`(`sched_name`,`trigger_name`,`trigger_group`,`cron_expression`,`time_zone_id`) values ('RuoyiScheduler','TASK_CLASS_NAME1','DEFAULT','0/10 * * * * ?','Asia/Shanghai'),('RuoyiScheduler','TASK_CLASS_NAME2','DEFAULT','0/15 * * * * ?','Asia/Shanghai'),('RuoyiScheduler','TASK_CLASS_NAME3','DEFAULT','0/20 * * * * ?','Asia/Shanghai');

/*Table structure for table `qrtz_fired_triggers` */

DROP TABLE IF EXISTS `qrtz_fired_triggers`;

CREATE TABLE `qrtz_fired_triggers` (
  `sched_name` varchar(120) NOT NULL,
  `entry_id` varchar(95) NOT NULL,
  `trigger_name` varchar(200) NOT NULL,
  `trigger_group` varchar(200) NOT NULL,
  `instance_name` varchar(200) NOT NULL,
  `fired_time` bigint(13) NOT NULL,
  `sched_time` bigint(13) NOT NULL,
  `priority` int(11) NOT NULL,
  `state` varchar(16) NOT NULL,
  `job_name` varchar(200) DEFAULT NULL,
  `job_group` varchar(200) DEFAULT NULL,
  `is_nonconcurrent` varchar(1) DEFAULT NULL,
  `requests_recovery` varchar(1) DEFAULT NULL,
  PRIMARY KEY (`sched_name`,`entry_id`)
) ENGINE=InnoDB DEFAULT CHARSET=utf8;

/*Data for the table `qrtz_fired_triggers` */

/*Table structure for table `qrtz_job_details` */

DROP TABLE IF EXISTS `qrtz_job_details`;

CREATE TABLE `qrtz_job_details` (
  `sched_name` varchar(120) NOT NULL,
  `job_name` varchar(200) NOT NULL,
  `job_group` varchar(200) NOT NULL,
  `description` varchar(250) DEFAULT NULL,
  `job_class_name` varchar(250) NOT NULL,
  `is_durable` varchar(1) NOT NULL,
  `is_nonconcurrent` varchar(1) NOT NULL,
  `is_update_data` varchar(1) NOT NULL,
  `requests_recovery` varchar(1) NOT NULL,
  `job_data` blob,
  PRIMARY KEY (`sched_name`,`job_name`,`job_group`)
) ENGINE=InnoDB DEFAULT CHARSET=utf8;

/*Data for the table `qrtz_job_details` */

insert  into `qrtz_job_details`(`sched_name`,`job_name`,`job_group`,`description`,`job_class_name`,`is_durable`,`is_nonconcurrent`,`is_update_data`,`requests_recovery`,`job_data`) values ('RuoyiScheduler','TASK_CLASS_NAME1','DEFAULT',NULL,'com.ruoyi.quartz.util.QuartzDisallowConcurrentExecution','0','1','0','0','¬í\0sr\0org.quartz.JobDataMapŸ°ƒè¿©°Ë\0\0xr\0&org.quartz.utils.StringKeyDirtyFlagMap‚èÃûÅ](\0Z\0allowsTransientDataxr\0org.quartz.utils.DirtyFlagMapæ.­(v\nÎ\0Z\0dirtyL\0mapt\0Ljava/util/Map;xpsr\0java.util.HashMapÚÁÃ`Ñ\0F\0\nloadFactorI\0	thresholdxp?@\0\0\0\0\0w\0\0\0\0\0\0t\0TASK_PROPERTIESsr\0com.ruoyi.quartz.domain.SysJob\0\0\0\0\0\0\0\0L\0\nconcurrentt\0Ljava/lang/String;L\0cronExpressionq\0~\0	L\0invokeTargetq\0~\0	L\0jobGroupq\0~\0	L\0jobIdt\0Ljava/lang/Long;L\0jobNameq\0~\0	L\0\rmisfirePolicyq\0~\0	L\0statusq\0~\0	xr\0\'com.ruoyi.common.core.domain.BaseEntity\0\0\0\0\0\0\0\0L\0createByq\0~\0	L\0\ncreateTimet\0Ljava/util/Date;L\0paramsq\0~\0L\0remarkq\0~\0	L\0searchValueq\0~\0	L\0updateByq\0~\0	L\0\nupdateTimeq\0~\0xpt\0adminsr\0java.util.DatehjKYt\0\0xpw\0\0b,Ş)àxpt\0\0pppt\01t\00/10 * * * * ?t\0ryTask.ryNoParamst\0DEFAULTsr\0java.lang.Long;‹äÌ#ß\0J\0valuexr\0java.lang.Number†¬•”à‹\0\0xp\0\0\0\0\0\0\0t\0ç³»ç»Ÿé»˜è®¤ï¼ˆæ— å‚ï¼‰t\03t\01x\0'),('RuoyiScheduler','TASK_CLASS_NAME2','DEFAULT',NULL,'com.ruoyi.quartz.util.QuartzDisallowConcurrentExecution','0','1','0','0','¬í\0sr\0org.quartz.JobDataMapŸ°ƒè¿©°Ë\0\0xr\0&org.quartz.utils.StringKeyDirtyFlagMap‚èÃûÅ](\0Z\0allowsTransientDataxr\0org.quartz.utils.DirtyFlagMapæ.­(v\nÎ\0Z\0dirtyL\0mapt\0Ljava/util/Map;xpsr\0java.util.HashMapÚÁÃ`Ñ\0F\0\nloadFactorI\0	thresholdxp?@\0\0\0\0\0w\0\0\0\0\0\0t\0TASK_PROPERTIESsr\0com.ruoyi.quartz.domain.SysJob\0\0\0\0\0\0\0\0L\0\nconcurrentt\0Ljava/lang/String;L\0cronExpressionq\0~\0	L\0invokeTargetq\0~\0	L\0jobGroupq\0~\0	L\0jobIdt\0Ljava/lang/Long;L\0jobNameq\0~\0	L\0\rmisfirePolicyq\0~\0	L\0statusq\0~\0	xr\0\'com.ruoyi.common.core.domain.BaseEntity\0\0\0\0\0\0\0\0L\0createByq\0~\0	L\0\ncreateTimet\0Ljava/util/Date;L\0paramsq\0~\0L\0remarkq\0~\0	L\0searchValueq\0~\0	L\0updateByq\0~\0	L\0\nupdateTimeq\0~\0xpt\0adminsr\0java.util.DatehjKYt\0\0xpw\0\0b,Ş)àxpt\0\0pppt\01t\00/15 * * * * ?t\0ryTask.ryParams(\'ry\')t\0DEFAULTsr\0java.lang.Long;‹äÌ#ß\0J\0valuexr\0java.lang.Number†¬•”à‹\0\0xp\0\0\0\0\0\0\0t\0ç³»ç»Ÿé»˜è®¤ï¼ˆæœ‰å‚ï¼‰t\03t\01x\0'),('RuoyiScheduler','TASK_CLASS_NAME3','DEFAULT',NULL,'com.ruoyi.quartz.util.QuartzDisallowConcurrentExecution','0','1','0','0','¬í\0sr\0org.quartz.JobDataMapŸ°ƒè¿©°Ë\0\0xr\0&org.quartz.utils.StringKeyDirtyFlagMap‚èÃûÅ](\0Z\0allowsTransientDataxr\0org.quartz.utils.DirtyFlagMapæ.­(v\nÎ\0Z\0dirtyL\0mapt\0Ljava/util/Map;xpsr\0java.util.HashMapÚÁÃ`Ñ\0F\0\nloadFactorI\0	thresholdxp?@\0\0\0\0\0w\0\0\0\0\0\0t\0TASK_PROPERTIESsr\0com.ruoyi.quartz.domain.SysJob\0\0\0\0\0\0\0\0L\0\nconcurrentt\0Ljava/lang/String;L\0cronExpressionq\0~\0	L\0invokeTargetq\0~\0	L\0jobGroupq\0~\0	L\0jobIdt\0Ljava/lang/Long;L\0jobNameq\0~\0	L\0\rmisfirePolicyq\0~\0	L\0statusq\0~\0	xr\0\'com.ruoyi.common.core.domain.BaseEntity\0\0\0\0\0\0\0\0L\0createByq\0~\0	L\0\ncreateTimet\0Ljava/util/Date;L\0paramsq\0~\0L\0remarkq\0~\0	L\0searchValueq\0~\0	L\0updateByq\0~\0	L\0\nupdateTimeq\0~\0xpt\0adminsr\0java.util.DatehjKYt\0\0xpw\0\0b,Ş)àxpt\0\0pppt\01t\00/20 * * * * ?t\08ryTask.ryMultipleParams(\'ry\', true, 2000L, 316.50D, 100)t\0DEFAULTsr\0java.lang.Long;‹äÌ#ß\0J\0valuexr\0java.lang.Number†¬•”à‹\0\0xp\0\0\0\0\0\0\0t\0ç³»ç»Ÿé»˜è®¤ï¼ˆå¤šå‚ï¼‰t\03t\01x\0');

/*Table structure for table `qrtz_locks` */

DROP TABLE IF EXISTS `qrtz_locks`;

CREATE TABLE `qrtz_locks` (
  `sched_name` varchar(120) NOT NULL,
  `lock_name` varchar(40) NOT NULL,
  PRIMARY KEY (`sched_name`,`lock_name`)
) ENGINE=InnoDB DEFAULT CHARSET=utf8;

/*Data for the table `qrtz_locks` */

insert  into `qrtz_locks`(`sched_name`,`lock_name`) values ('RuoyiScheduler','STATE_ACCESS'),('RuoyiScheduler','TRIGGER_ACCESS');

/*Table structure for table `qrtz_paused_trigger_grps` */

DROP TABLE IF EXISTS `qrtz_paused_trigger_grps`;

CREATE TABLE `qrtz_paused_trigger_grps` (
  `sched_name` varchar(120) NOT NULL,
  `trigger_group` varchar(200) NOT NULL,
  PRIMARY KEY (`sched_name`,`trigger_group`)
) ENGINE=InnoDB DEFAULT CHARSET=utf8;

/*Data for the table `qrtz_paused_trigger_grps` */

/*Table structure for table `qrtz_scheduler_state` */

DROP TABLE IF EXISTS `qrtz_scheduler_state`;

CREATE TABLE `qrtz_scheduler_state` (
  `sched_name` varchar(120) NOT NULL,
  `instance_name` varchar(200) NOT NULL,
  `last_checkin_time` bigint(13) NOT NULL,
  `checkin_interval` bigint(13) NOT NULL,
  PRIMARY KEY (`sched_name`,`instance_name`)
) ENGINE=InnoDB DEFAULT CHARSET=utf8;

/*Data for the table `qrtz_scheduler_state` */

insert  into `qrtz_scheduler_state`(`sched_name`,`instance_name`,`last_checkin_time`,`checkin_interval`) values ('RuoyiScheduler','DESKTOP-NBSENNC1591761181005',1591772450460,15000);

/*Table structure for table `qrtz_simple_triggers` */

DROP TABLE IF EXISTS `qrtz_simple_triggers`;

CREATE TABLE `qrtz_simple_triggers` (
  `sched_name` varchar(120) NOT NULL,
  `trigger_name` varchar(200) NOT NULL,
  `trigger_group` varchar(200) NOT NULL,
  `repeat_count` bigint(7) NOT NULL,
  `repeat_interval` bigint(12) NOT NULL,
  `times_triggered` bigint(10) NOT NULL,
  PRIMARY KEY (`sched_name`,`trigger_name`,`trigger_group`),
  CONSTRAINT `qrtz_simple_triggers_ibfk_1` FOREIGN KEY (`sched_name`, `trigger_name`, `trigger_group`) REFERENCES `qrtz_triggers` (`sched_name`, `trigger_name`, `trigger_group`)
) ENGINE=InnoDB DEFAULT CHARSET=utf8;

/*Data for the table `qrtz_simple_triggers` */

/*Table structure for table `qrtz_simprop_triggers` */

DROP TABLE IF EXISTS `qrtz_simprop_triggers`;

CREATE TABLE `qrtz_simprop_triggers` (
  `sched_name` varchar(120) NOT NULL,
  `trigger_name` varchar(200) NOT NULL,
  `trigger_group` varchar(200) NOT NULL,
  `str_prop_1` varchar(512) DEFAULT NULL,
  `str_prop_2` varchar(512) DEFAULT NULL,
  `str_prop_3` varchar(512) DEFAULT NULL,
  `int_prop_1` int(11) DEFAULT NULL,
  `int_prop_2` int(11) DEFAULT NULL,
  `long_prop_1` bigint(20) DEFAULT NULL,
  `long_prop_2` bigint(20) DEFAULT NULL,
  `dec_prop_1` decimal(13,4) DEFAULT NULL,
  `dec_prop_2` decimal(13,4) DEFAULT NULL,
  `bool_prop_1` varchar(1) DEFAULT NULL,
  `bool_prop_2` varchar(1) DEFAULT NULL,
  PRIMARY KEY (`sched_name`,`trigger_name`,`trigger_group`),
  CONSTRAINT `qrtz_simprop_triggers_ibfk_1` FOREIGN KEY (`sched_name`, `trigger_name`, `trigger_group`) REFERENCES `qrtz_triggers` (`sched_name`, `trigger_name`, `trigger_group`)
) ENGINE=InnoDB DEFAULT CHARSET=utf8;

/*Data for the table `qrtz_simprop_triggers` */

/*Table structure for table `qrtz_triggers` */

DROP TABLE IF EXISTS `qrtz_triggers`;

CREATE TABLE `qrtz_triggers` (
  `sched_name` varchar(120) NOT NULL,
  `trigger_name` varchar(200) NOT NULL,
  `trigger_group` varchar(200) NOT NULL,
  `job_name` varchar(200) NOT NULL,
  `job_group` varchar(200) NOT NULL,
  `description` varchar(250) DEFAULT NULL,
  `next_fire_time` bigint(13) DEFAULT NULL,
  `prev_fire_time` bigint(13) DEFAULT NULL,
  `priority` int(11) DEFAULT NULL,
  `trigger_state` varchar(16) NOT NULL,
  `trigger_type` varchar(8) NOT NULL,
  `start_time` bigint(13) NOT NULL,
  `end_time` bigint(13) DEFAULT NULL,
  `calendar_name` varchar(200) DEFAULT NULL,
  `misfire_instr` smallint(2) DEFAULT NULL,
  `job_data` blob,
  PRIMARY KEY (`sched_name`,`trigger_name`,`trigger_group`),
  KEY `sched_name` (`sched_name`,`job_name`,`job_group`),
  CONSTRAINT `qrtz_triggers_ibfk_1` FOREIGN KEY (`sched_name`, `job_name`, `job_group`) REFERENCES `qrtz_job_details` (`sched_name`, `job_name`, `job_group`)
) ENGINE=InnoDB DEFAULT CHARSET=utf8;

/*Data for the table `qrtz_triggers` */

insert  into `qrtz_triggers`(`sched_name`,`trigger_name`,`trigger_group`,`job_name`,`job_group`,`description`,`next_fire_time`,`prev_fire_time`,`priority`,`trigger_state`,`trigger_type`,`start_time`,`end_time`,`calendar_name`,`misfire_instr`,`job_data`) values ('RuoyiScheduler','TASK_CLASS_NAME1','DEFAULT','TASK_CLASS_NAME1','DEFAULT',NULL,1591761190000,-1,5,'PAUSED','CRON',1591761181000,0,NULL,2,''),('RuoyiScheduler','TASK_CLASS_NAME2','DEFAULT','TASK_CLASS_NAME2','DEFAULT',NULL,1591761195000,-1,5,'PAUSED','CRON',1591761181000,0,NULL,2,''),('RuoyiScheduler','TASK_CLASS_NAME3','DEFAULT','TASK_CLASS_NAME3','DEFAULT',NULL,1591761200000,-1,5,'PAUSED','CRON',1591761181000,0,NULL,2,'');

/*Table structure for table `sys_config` */

DROP TABLE IF EXISTS `sys_config`;

CREATE TABLE `sys_config` (
  `config_id` int(5) NOT NULL AUTO_INCREMENT COMMENT 'å‚æ•°ä¸»é”®',
  `config_name` varchar(100) DEFAULT '' COMMENT 'å‚æ•°åç§°',
  `config_key` varchar(100) DEFAULT '' COMMENT 'å‚æ•°é”®å',
  `config_value` varchar(500) DEFAULT '' COMMENT 'å‚æ•°é”®å€¼',
  `config_type` char(1) DEFAULT 'N' COMMENT 'ç³»ç»Ÿå†…ç½®ï¼ˆYæ˜¯ Nå¦ï¼‰',
  `create_by` varchar(64) DEFAULT '' COMMENT 'åˆ›å»ºè€…',
  `create_time` datetime DEFAULT NULL COMMENT 'åˆ›å»ºæ—¶é—´',
  `update_by` varchar(64) DEFAULT '' COMMENT 'æ›´æ–°è€…',
  `update_time` datetime DEFAULT NULL COMMENT 'æ›´æ–°æ—¶é—´',
  `remark` varchar(500) DEFAULT NULL COMMENT 'å¤‡æ³¨',
  PRIMARY KEY (`config_id`)
) ENGINE=InnoDB AUTO_INCREMENT=5 DEFAULT CHARSET=utf8 COMMENT='å‚æ•°é…ç½®è¡¨';

/*Data for the table `sys_config` */

insert  into `sys_config`(`config_id`,`config_name`,`config_key`,`config_value`,`config_type`,`create_by`,`create_time`,`update_by`,`update_time`,`remark`) values (1,'ä¸»æ¡†æ¶é¡µ-é»˜è®¤çš®è‚¤æ ·å¼åç§°','sys.index.skinName','skin-blue','Y','admin','2018-03-16 11:33:00','ry','2018-03-16 11:33:00','è“è‰² skin-blueã€ç»¿è‰² skin-greenã€ç´«è‰² skin-purpleã€çº¢è‰² skin-redã€é»„è‰² skin-yellow'),(2,'ç”¨æˆ·ç®¡ç†-è´¦å·åˆå§‹å¯†ç ','sys.user.initPassword','123456','Y','admin','2018-03-16 11:33:00','ry','2018-03-16 11:33:00','åˆå§‹åŒ–å¯†ç  123456'),(3,'ä¸»æ¡†æ¶é¡µ-ä¾§è¾¹æ ä¸»é¢˜','sys.index.sideTheme','theme-dark','Y','admin','2018-03-16 11:33:00','ry','2018-03-16 11:33:00','æ·±é»‘ä¸»é¢˜theme-darkï¼Œæµ…è‰²ä¸»é¢˜theme-lightï¼Œæ·±è“ä¸»é¢˜theme-blue'),(4,'è´¦å·è‡ªåŠ©-æ˜¯å¦å¼€å¯ç”¨æˆ·æ³¨å†ŒåŠŸèƒ½','sys.account.registerUser','false','Y','admin','2018-03-16 11:33:00','ry','2018-03-16 11:33:00','æ˜¯å¦å¼€å¯æ³¨å†Œç”¨æˆ·åŠŸèƒ½');

/*Table structure for table `sys_dept` */

DROP TABLE IF EXISTS `sys_dept`;

CREATE TABLE `sys_dept` (
  `dept_id` bigint(20) NOT NULL AUTO_INCREMENT COMMENT 'éƒ¨é—¨id',
  `parent_id` bigint(20) DEFAULT '0' COMMENT 'çˆ¶éƒ¨é—¨id',
  `ancestors` varchar(50) DEFAULT '' COMMENT 'ç¥–çº§åˆ—è¡¨',
  `dept_name` varchar(30) DEFAULT '' COMMENT 'éƒ¨é—¨åç§°',
  `order_num` int(4) DEFAULT '0' COMMENT 'æ˜¾ç¤ºé¡ºåº',
  `leader` varchar(20) DEFAULT NULL COMMENT 'è´Ÿè´£äºº',
  `phone` varchar(11) DEFAULT NULL COMMENT 'è”ç³»ç”µè¯',
  `email` varchar(50) DEFAULT NULL COMMENT 'é‚®ç®±',
  `status` char(1) DEFAULT '0' COMMENT 'éƒ¨é—¨çŠ¶æ€ï¼ˆ0æ­£å¸¸ 1åœç”¨ï¼‰',
  `del_flag` char(1) DEFAULT '0' COMMENT 'åˆ é™¤æ ‡å¿—ï¼ˆ0ä»£è¡¨å­˜åœ¨ 2ä»£è¡¨åˆ é™¤ï¼‰',
  `create_by` varchar(64) DEFAULT '' COMMENT 'åˆ›å»ºè€…',
  `create_time` datetime DEFAULT NULL COMMENT 'åˆ›å»ºæ—¶é—´',
  `update_by` varchar(64) DEFAULT '' COMMENT 'æ›´æ–°è€…',
  `update_time` datetime DEFAULT NULL COMMENT 'æ›´æ–°æ—¶é—´',
  PRIMARY KEY (`dept_id`)
) ENGINE=InnoDB AUTO_INCREMENT=112 DEFAULT CHARSET=utf8 COMMENT='éƒ¨é—¨è¡¨';

/*Data for the table `sys_dept` */

insert  into `sys_dept`(`dept_id`,`parent_id`,`ancestors`,`dept_name`,`order_num`,`leader`,`phone`,`email`,`status`,`del_flag`,`create_by`,`create_time`,`update_by`,`update_time`) values (100,0,'0','è‹¥ä¾ç§‘æŠ€',0,'è‹¥ä¾','15888888888','ry@qq.com','0','0','admin','2018-03-16 11:33:00','ry','2018-03-16 11:33:00'),(101,100,'0,100','æ·±åœ³æ€»å…¬å¸',1,'è‹¥ä¾','15888888888','ry@qq.com','0','0','admin','2018-03-16 11:33:00','ry','2018-03-16 11:33:00'),(102,100,'0,100','é•¿æ²™åˆ†å…¬å¸',2,'è‹¥ä¾','15888888888','ry@qq.com','0','0','admin','2018-03-16 11:33:00','ry','2018-03-16 11:33:00'),(103,101,'0,100,101','ç ”å‘éƒ¨é—¨',1,'è‹¥ä¾','15888888888','ry@qq.com','0','0','admin','2018-03-16 11:33:00','ry','2018-03-16 11:33:00'),(104,101,'0,100,101','å¸‚åœºéƒ¨é—¨',2,'è‹¥ä¾','15888888888','ry@qq.com','0','0','admin','2018-03-16 11:33:00','ry','2018-03-16 11:33:00'),(105,101,'0,100,101','æµ‹è¯•éƒ¨é—¨',3,'è‹¥ä¾','15888888888','ry@qq.com','0','0','admin','2018-03-16 11:33:00','ry','2018-03-16 11:33:00'),(106,101,'0,100,101','è´¢åŠ¡éƒ¨é—¨',4,'è‹¥ä¾','15888888888','ry@qq.com','0','0','admin','2018-03-16 11:33:00','ry','2018-03-16 11:33:00'),(107,101,'0,100,101','è¿ç»´éƒ¨é—¨',5,'è‹¥ä¾','15888888888','ry@qq.com','0','0','admin','2018-03-16 11:33:00','ry','2018-03-16 11:33:00'),(108,102,'0,100,102','å¸‚åœºéƒ¨é—¨',1,'è‹¥ä¾','15888888888','ry@qq.com','0','0','admin','2018-03-16 11:33:00','ry','2018-03-16 11:33:00'),(109,102,'0,100,102','è´¢åŠ¡éƒ¨é—¨',2,'è‹¥ä¾','15888888888','ry@qq.com','0','0','admin','2018-03-16 11:33:00','ry','2018-03-16 11:33:00'),(110,100,'0,100','Blogåå°ç®¡ç†',3,'Lin','18200000000','5@qq.com','0','0','admin','2020-06-04 09:56:48','',NULL),(111,110,'0,100,110','ç®¡ç†å‘˜éƒ¨',1,'Lin','18000000000','5@qq.com','0','0','admin','2020-06-04 09:57:58','',NULL);

/*Table structure for table `sys_dict_data` */

DROP TABLE IF EXISTS `sys_dict_data`;

CREATE TABLE `sys_dict_data` (
  `dict_code` bigint(20) NOT NULL AUTO_INCREMENT COMMENT 'å­—å…¸ç¼–ç ',
  `dict_sort` int(4) DEFAULT '0' COMMENT 'å­—å…¸æ’åº',
  `dict_label` varchar(100) DEFAULT '' COMMENT 'å­—å…¸æ ‡ç­¾',
  `dict_value` varchar(100) DEFAULT '' COMMENT 'å­—å…¸é”®å€¼',
  `dict_type` varchar(100) DEFAULT '' COMMENT 'å­—å…¸ç±»å‹',
  `css_class` varchar(100) DEFAULT NULL COMMENT 'æ ·å¼å±æ€§ï¼ˆå…¶ä»–æ ·å¼æ‰©å±•ï¼‰',
  `list_class` varchar(100) DEFAULT NULL COMMENT 'è¡¨æ ¼å›æ˜¾æ ·å¼',
  `is_default` char(1) DEFAULT 'N' COMMENT 'æ˜¯å¦é»˜è®¤ï¼ˆYæ˜¯ Nå¦ï¼‰',
  `status` char(1) DEFAULT '0' COMMENT 'çŠ¶æ€ï¼ˆ0æ­£å¸¸ 1åœç”¨ï¼‰',
  `create_by` varchar(64) DEFAULT '' COMMENT 'åˆ›å»ºè€…',
  `create_time` datetime DEFAULT NULL COMMENT 'åˆ›å»ºæ—¶é—´',
  `update_by` varchar(64) DEFAULT '' COMMENT 'æ›´æ–°è€…',
  `update_time` datetime DEFAULT NULL COMMENT 'æ›´æ–°æ—¶é—´',
  `remark` varchar(500) DEFAULT NULL COMMENT 'å¤‡æ³¨',
  PRIMARY KEY (`dict_code`)
) ENGINE=InnoDB AUTO_INCREMENT=30 DEFAULT CHARSET=utf8 COMMENT='å­—å…¸æ•°æ®è¡¨';

/*Data for the table `sys_dict_data` */

insert  into `sys_dict_data`(`dict_code`,`dict_sort`,`dict_label`,`dict_value`,`dict_type`,`css_class`,`list_class`,`is_default`,`status`,`create_by`,`create_time`,`update_by`,`update_time`,`remark`) values (1,1,'ç”·','0','sys_user_sex','','','Y','0','admin','2018-03-16 11:33:00','ry','2018-03-16 11:33:00','æ€§åˆ«ç”·'),(2,2,'å¥³','1','sys_user_sex','','','N','0','admin','2018-03-16 11:33:00','ry','2018-03-16 11:33:00','æ€§åˆ«å¥³'),(3,3,'æœªçŸ¥','2','sys_user_sex','','','N','0','admin','2018-03-16 11:33:00','ry','2018-03-16 11:33:00','æ€§åˆ«æœªçŸ¥'),(4,1,'æ˜¾ç¤º','0','sys_show_hide','','primary','Y','0','admin','2018-03-16 11:33:00','ry','2018-03-16 11:33:00','æ˜¾ç¤ºèœå•'),(5,2,'éšè—','1','sys_show_hide','','danger','N','0','admin','2018-03-16 11:33:00','ry','2018-03-16 11:33:00','éšè—èœå•'),(6,1,'æ­£å¸¸','0','sys_normal_disable','','primary','Y','0','admin','2018-03-16 11:33:00','ry','2018-03-16 11:33:00','æ­£å¸¸çŠ¶æ€'),(7,2,'åœç”¨','1','sys_normal_disable','','danger','N','0','admin','2018-03-16 11:33:00','ry','2018-03-16 11:33:00','åœç”¨çŠ¶æ€'),(8,1,'æ­£å¸¸','0','sys_job_status','','primary','Y','0','admin','2018-03-16 11:33:00','ry','2018-03-16 11:33:00','æ­£å¸¸çŠ¶æ€'),(9,2,'æš‚åœ','1','sys_job_status','','danger','N','0','admin','2018-03-16 11:33:00','ry','2018-03-16 11:33:00','åœç”¨çŠ¶æ€'),(10,1,'é»˜è®¤','DEFAULT','sys_job_group','','','Y','0','admin','2018-03-16 11:33:00','ry','2018-03-16 11:33:00','é»˜è®¤åˆ†ç»„'),(11,2,'ç³»ç»Ÿ','SYSTEM','sys_job_group','','','N','0','admin','2018-03-16 11:33:00','ry','2018-03-16 11:33:00','ç³»ç»Ÿåˆ†ç»„'),(12,1,'æ˜¯','Y','sys_yes_no','','primary','Y','0','admin','2018-03-16 11:33:00','ry','2018-03-16 11:33:00','ç³»ç»Ÿé»˜è®¤æ˜¯'),(13,2,'å¦','N','sys_yes_no','','danger','N','0','admin','2018-03-16 11:33:00','ry','2018-03-16 11:33:00','ç³»ç»Ÿé»˜è®¤å¦'),(14,1,'é€šçŸ¥','1','sys_notice_type','','warning','Y','0','admin','2018-03-16 11:33:00','ry','2018-03-16 11:33:00','é€šçŸ¥'),(15,2,'å…¬å‘Š','2','sys_notice_type','','success','N','0','admin','2018-03-16 11:33:00','ry','2018-03-16 11:33:00','å…¬å‘Š'),(16,1,'æ­£å¸¸','0','sys_notice_status','','primary','Y','0','admin','2018-03-16 11:33:00','ry','2018-03-16 11:33:00','æ­£å¸¸çŠ¶æ€'),(17,2,'å…³é—­','1','sys_notice_status','','danger','N','0','admin','2018-03-16 11:33:00','ry','2018-03-16 11:33:00','å…³é—­çŠ¶æ€'),(18,99,'å…¶ä»–','0','sys_oper_type','','info','N','0','admin','2018-03-16 11:33:00','ry','2018-03-16 11:33:00','å…¶ä»–æ“ä½œ'),(19,1,'æ–°å¢','1','sys_oper_type','','info','N','0','admin','2018-03-16 11:33:00','ry','2018-03-16 11:33:00','æ–°å¢æ“ä½œ'),(20,2,'ä¿®æ”¹','2','sys_oper_type','','info','N','0','admin','2018-03-16 11:33:00','ry','2018-03-16 11:33:00','ä¿®æ”¹æ“ä½œ'),(21,3,'åˆ é™¤','3','sys_oper_type','','danger','N','0','admin','2018-03-16 11:33:00','ry','2018-03-16 11:33:00','åˆ é™¤æ“ä½œ'),(22,4,'æˆæƒ','4','sys_oper_type','','primary','N','0','admin','2018-03-16 11:33:00','ry','2018-03-16 11:33:00','æˆæƒæ“ä½œ'),(23,5,'å¯¼å‡º','5','sys_oper_type','','warning','N','0','admin','2018-03-16 11:33:00','ry','2018-03-16 11:33:00','å¯¼å‡ºæ“ä½œ'),(24,6,'å¯¼å…¥','6','sys_oper_type','','warning','N','0','admin','2018-03-16 11:33:00','ry','2018-03-16 11:33:00','å¯¼å…¥æ“ä½œ'),(25,7,'å¼ºé€€','7','sys_oper_type','','danger','N','0','admin','2018-03-16 11:33:00','ry','2018-03-16 11:33:00','å¼ºé€€æ“ä½œ'),(26,8,'ç”Ÿæˆä»£ç ','8','sys_oper_type','','warning','N','0','admin','2018-03-16 11:33:00','ry','2018-03-16 11:33:00','ç”Ÿæˆæ“ä½œ'),(27,9,'æ¸…ç©ºæ•°æ®','9','sys_oper_type','','danger','N','0','admin','2018-03-16 11:33:00','ry','2018-03-16 11:33:00','æ¸…ç©ºæ“ä½œ'),(28,1,'æˆåŠŸ','0','sys_common_status','','primary','N','0','admin','2018-03-16 11:33:00','ry','2018-03-16 11:33:00','æ­£å¸¸çŠ¶æ€'),(29,2,'å¤±è´¥','1','sys_common_status','','danger','N','0','admin','2018-03-16 11:33:00','ry','2018-03-16 11:33:00','åœç”¨çŠ¶æ€');

/*Table structure for table `sys_dict_type` */

DROP TABLE IF EXISTS `sys_dict_type`;

CREATE TABLE `sys_dict_type` (
  `dict_id` bigint(20) NOT NULL AUTO_INCREMENT COMMENT 'å­—å…¸ä¸»é”®',
  `dict_name` varchar(100) DEFAULT '' COMMENT 'å­—å…¸åç§°',
  `dict_type` varchar(100) DEFAULT '' COMMENT 'å­—å…¸ç±»å‹',
  `status` char(1) DEFAULT '0' COMMENT 'çŠ¶æ€ï¼ˆ0æ­£å¸¸ 1åœç”¨ï¼‰',
  `create_by` varchar(64) DEFAULT '' COMMENT 'åˆ›å»ºè€…',
  `create_time` datetime DEFAULT NULL COMMENT 'åˆ›å»ºæ—¶é—´',
  `update_by` varchar(64) DEFAULT '' COMMENT 'æ›´æ–°è€…',
  `update_time` datetime DEFAULT NULL COMMENT 'æ›´æ–°æ—¶é—´',
  `remark` varchar(500) DEFAULT NULL COMMENT 'å¤‡æ³¨',
  PRIMARY KEY (`dict_id`),
  UNIQUE KEY `dict_type` (`dict_type`)
) ENGINE=InnoDB AUTO_INCREMENT=11 DEFAULT CHARSET=utf8 COMMENT='å­—å…¸ç±»å‹è¡¨';

/*Data for the table `sys_dict_type` */

insert  into `sys_dict_type`(`dict_id`,`dict_name`,`dict_type`,`status`,`create_by`,`create_time`,`update_by`,`update_time`,`remark`) values (1,'ç”¨æˆ·æ€§åˆ«','sys_user_sex','0','admin','2018-03-16 11:33:00','ry','2018-03-16 11:33:00','ç”¨æˆ·æ€§åˆ«åˆ—è¡¨'),(2,'èœå•çŠ¶æ€','sys_show_hide','0','admin','2018-03-16 11:33:00','ry','2018-03-16 11:33:00','èœå•çŠ¶æ€åˆ—è¡¨'),(3,'ç³»ç»Ÿå¼€å…³','sys_normal_disable','0','admin','2018-03-16 11:33:00','ry','2018-03-16 11:33:00','ç³»ç»Ÿå¼€å…³åˆ—è¡¨'),(4,'ä»»åŠ¡çŠ¶æ€','sys_job_status','0','admin','2018-03-16 11:33:00','ry','2018-03-16 11:33:00','ä»»åŠ¡çŠ¶æ€åˆ—è¡¨'),(5,'ä»»åŠ¡åˆ†ç»„','sys_job_group','0','admin','2018-03-16 11:33:00','ry','2018-03-16 11:33:00','ä»»åŠ¡åˆ†ç»„åˆ—è¡¨'),(6,'ç³»ç»Ÿæ˜¯å¦','sys_yes_no','0','admin','2018-03-16 11:33:00','ry','2018-03-16 11:33:00','ç³»ç»Ÿæ˜¯å¦åˆ—è¡¨'),(7,'é€šçŸ¥ç±»å‹','sys_notice_type','0','admin','2018-03-16 11:33:00','ry','2018-03-16 11:33:00','é€šçŸ¥ç±»å‹åˆ—è¡¨'),(8,'é€šçŸ¥çŠ¶æ€','sys_notice_status','0','admin','2018-03-16 11:33:00','ry','2018-03-16 11:33:00','é€šçŸ¥çŠ¶æ€åˆ—è¡¨'),(9,'æ“ä½œç±»å‹','sys_oper_type','0','admin','2018-03-16 11:33:00','ry','2018-03-16 11:33:00','æ“ä½œç±»å‹åˆ—è¡¨'),(10,'ç³»ç»ŸçŠ¶æ€','sys_common_status','0','admin','2018-03-16 11:33:00','ry','2018-03-16 11:33:00','ç™»å½•çŠ¶æ€åˆ—è¡¨');

/*Table structure for table `sys_job` */

DROP TABLE IF EXISTS `sys_job`;

CREATE TABLE `sys_job` (
  `job_id` bigint(20) NOT NULL AUTO_INCREMENT COMMENT 'ä»»åŠ¡ID',
  `job_name` varchar(64) NOT NULL DEFAULT '' COMMENT 'ä»»åŠ¡åç§°',
  `job_group` varchar(64) NOT NULL DEFAULT 'DEFAULT' COMMENT 'ä»»åŠ¡ç»„å',
  `invoke_target` varchar(500) NOT NULL COMMENT 'è°ƒç”¨ç›®æ ‡å­—ç¬¦ä¸²',
  `cron_expression` varchar(255) DEFAULT '' COMMENT 'cronæ‰§è¡Œè¡¨è¾¾å¼',
  `misfire_policy` varchar(20) DEFAULT '3' COMMENT 'è®¡åˆ’æ‰§è¡Œé”™è¯¯ç­–ç•¥ï¼ˆ1ç«‹å³æ‰§è¡Œ 2æ‰§è¡Œä¸€æ¬¡ 3æ”¾å¼ƒæ‰§è¡Œï¼‰',
  `concurrent` char(1) DEFAULT '1' COMMENT 'æ˜¯å¦å¹¶å‘æ‰§è¡Œï¼ˆ0å…è®¸ 1ç¦æ­¢ï¼‰',
  `status` char(1) DEFAULT '0' COMMENT 'çŠ¶æ€ï¼ˆ0æ­£å¸¸ 1æš‚åœï¼‰',
  `create_by` varchar(64) DEFAULT '' COMMENT 'åˆ›å»ºè€…',
  `create_time` datetime DEFAULT NULL COMMENT 'åˆ›å»ºæ—¶é—´',
  `update_by` varchar(64) DEFAULT '' COMMENT 'æ›´æ–°è€…',
  `update_time` datetime DEFAULT NULL COMMENT 'æ›´æ–°æ—¶é—´',
  `remark` varchar(500) DEFAULT '' COMMENT 'å¤‡æ³¨ä¿¡æ¯',
  PRIMARY KEY (`job_id`,`job_name`,`job_group`)
) ENGINE=InnoDB AUTO_INCREMENT=4 DEFAULT CHARSET=utf8 COMMENT='å®šæ—¶ä»»åŠ¡è°ƒåº¦è¡¨';

/*Data for the table `sys_job` */

insert  into `sys_job`(`job_id`,`job_name`,`job_group`,`invoke_target`,`cron_expression`,`misfire_policy`,`concurrent`,`status`,`create_by`,`create_time`,`update_by`,`update_time`,`remark`) values (1,'ç³»ç»Ÿé»˜è®¤ï¼ˆæ— å‚ï¼‰','DEFAULT','ryTask.ryNoParams','0/10 * * * * ?','3','1','1','admin','2018-03-16 11:33:00','ry','2018-03-16 11:33:00',''),(2,'ç³»ç»Ÿé»˜è®¤ï¼ˆæœ‰å‚ï¼‰','DEFAULT','ryTask.ryParams(\'ry\')','0/15 * * * * ?','3','1','1','admin','2018-03-16 11:33:00','ry','2018-03-16 11:33:00',''),(3,'ç³»ç»Ÿé»˜è®¤ï¼ˆå¤šå‚ï¼‰','DEFAULT','ryTask.ryMultipleParams(\'ry\', true, 2000L, 316.50D, 100)','0/20 * * * * ?','3','1','1','admin','2018-03-16 11:33:00','ry','2018-03-16 11:33:00','');

/*Table structure for table `sys_job_log` */

DROP TABLE IF EXISTS `sys_job_log`;

CREATE TABLE `sys_job_log` (
  `job_log_id` bigint(20) NOT NULL AUTO_INCREMENT COMMENT 'ä»»åŠ¡æ—¥å¿—ID',
  `job_name` varchar(64) NOT NULL COMMENT 'ä»»åŠ¡åç§°',
  `job_group` varchar(64) NOT NULL COMMENT 'ä»»åŠ¡ç»„å',
  `invoke_target` varchar(500) NOT NULL COMMENT 'è°ƒç”¨ç›®æ ‡å­—ç¬¦ä¸²',
  `job_message` varchar(500) DEFAULT NULL COMMENT 'æ—¥å¿—ä¿¡æ¯',
  `status` char(1) DEFAULT '0' COMMENT 'æ‰§è¡ŒçŠ¶æ€ï¼ˆ0æ­£å¸¸ 1å¤±è´¥ï¼‰',
  `exception_info` varchar(2000) DEFAULT '' COMMENT 'å¼‚å¸¸ä¿¡æ¯',
  `create_time` datetime DEFAULT NULL COMMENT 'åˆ›å»ºæ—¶é—´',
  PRIMARY KEY (`job_log_id`)
) ENGINE=InnoDB DEFAULT CHARSET=utf8 COMMENT='å®šæ—¶ä»»åŠ¡è°ƒåº¦æ—¥å¿—è¡¨';

/*Data for the table `sys_job_log` */

/*Table structure for table `sys_logininfor` */

DROP TABLE IF EXISTS `sys_logininfor`;

CREATE TABLE `sys_logininfor` (
  `info_id` bigint(20) NOT NULL AUTO_INCREMENT COMMENT 'è®¿é—®ID',
  `login_name` varchar(50) DEFAULT '' COMMENT 'ç™»å½•è´¦å·',
  `ipaddr` varchar(50) DEFAULT '' COMMENT 'ç™»å½•IPåœ°å€',
  `login_location` varchar(255) DEFAULT '' COMMENT 'ç™»å½•åœ°ç‚¹',
  `browser` varchar(50) DEFAULT '' COMMENT 'æµè§ˆå™¨ç±»å‹',
  `os` varchar(50) DEFAULT '' COMMENT 'æ“ä½œç³»ç»Ÿ',
  `status` char(1) DEFAULT '0' COMMENT 'ç™»å½•çŠ¶æ€ï¼ˆ0æˆåŠŸ 1å¤±è´¥ï¼‰',
  `msg` varchar(255) DEFAULT '' COMMENT 'æç¤ºæ¶ˆæ¯',
  `login_time` datetime DEFAULT NULL COMMENT 'è®¿é—®æ—¶é—´',
  PRIMARY KEY (`info_id`)
) ENGINE=InnoDB AUTO_INCREMENT=115 DEFAULT CHARSET=utf8 COMMENT='ç³»ç»Ÿè®¿é—®è®°å½•';

/*Data for the table `sys_logininfor` */

insert  into `sys_logininfor`(`info_id`,`login_name`,`ipaddr`,`login_location`,`browser`,`os`,`status`,`msg`,`login_time`) values (100,'admin','127.0.0.1','å†…ç½‘IP','Chrome 8','Windows 10','0','ç™»å½•æˆåŠŸ','2020-06-02 09:11:17'),(101,'admin','127.0.0.1','å†…ç½‘IP','Chrome 8','Windows 10','0','é€€å‡ºæˆåŠŸ','2020-06-02 13:40:30'),(102,'admin','127.0.0.1','å†…ç½‘IP','Chrome 8','Windows 10','1','éªŒè¯ç é”™è¯¯','2020-06-02 13:40:46'),(103,'admin','127.0.0.1','å†…ç½‘IP','Chrome 8','Windows 10','0','ç™»å½•æˆåŠŸ','2020-06-02 13:40:57'),(104,'admin','127.0.0.1','å†…ç½‘IP','Internet Explorer 11','Windows 10','1','éªŒè¯ç é”™è¯¯','2020-06-03 17:10:01'),(105,'admin','127.0.0.1','å†…ç½‘IP','Internet Explorer 11','Windows 10','0','ç™»å½•æˆåŠŸ','2020-06-03 17:10:06'),(106,'admin','127.0.0.1','å†…ç½‘IP','Chrome 8','Windows 10','0','é€€å‡ºæˆåŠŸ','2020-06-04 17:08:23'),(107,'admin','127.0.0.1','å†…ç½‘IP','Chrome 8','Windows 10','1','éªŒè¯ç é”™è¯¯','2020-06-04 17:08:42'),(108,'admin','127.0.0.1','å†…ç½‘IP','Chrome 8','Windows 10','1','éªŒè¯ç é”™è¯¯','2020-06-04 17:08:46'),(109,'admin','127.0.0.1','å†…ç½‘IP','Chrome 8','Windows 10','0','ç™»å½•æˆåŠŸ','2020-06-04 17:08:49'),(110,'gan','127.0.0.1','å†…ç½‘IP','Firefox 7','Windows 10','0','ç™»å½•æˆåŠŸ','2020-06-05 15:07:34'),(111,'gan','127.0.0.1','å†…ç½‘IP','Firefox 7','Windows 10','0','é€€å‡ºæˆåŠŸ','2020-06-05 15:12:37'),(112,'gan','127.0.0.1','å†…ç½‘IP','Firefox 7','Windows 10','1','ç”¨æˆ·ä¸å­˜åœ¨/å¯†ç é”™è¯¯','2020-06-05 15:12:45'),(113,'gan','127.0.0.1','å†…ç½‘IP','Firefox 7','Windows 10','0','ç™»å½•æˆåŠŸ','2020-06-05 15:12:50'),(114,'admin','127.0.0.1','å†…ç½‘IP','Internet Explorer 11','Windows 10','0','ç™»å½•æˆåŠŸ','2020-06-05 17:22:37');

/*Table structure for table `sys_menu` */

DROP TABLE IF EXISTS `sys_menu`;

CREATE TABLE `sys_menu` (
  `menu_id` bigint(20) NOT NULL AUTO_INCREMENT COMMENT 'èœå•ID',
  `menu_name` varchar(50) NOT NULL COMMENT 'èœå•åç§°',
  `parent_id` bigint(20) DEFAULT '0' COMMENT 'çˆ¶èœå•ID',
  `order_num` int(4) DEFAULT '0' COMMENT 'æ˜¾ç¤ºé¡ºåº',
  `url` varchar(200) DEFAULT '#' COMMENT 'è¯·æ±‚åœ°å€',
  `target` varchar(20) DEFAULT '' COMMENT 'æ‰“å¼€æ–¹å¼ï¼ˆmenuItemé¡µç­¾ menuBlankæ–°çª—å£ï¼‰',
  `menu_type` char(1) DEFAULT '' COMMENT 'èœå•ç±»å‹ï¼ˆMç›®å½• Cèœå• FæŒ‰é’®ï¼‰',
  `visible` char(1) DEFAULT '0' COMMENT 'èœå•çŠ¶æ€ï¼ˆ0æ˜¾ç¤º 1éšè—ï¼‰',
  `perms` varchar(100) DEFAULT NULL COMMENT 'æƒé™æ ‡è¯†',
  `icon` varchar(100) DEFAULT '#' COMMENT 'èœå•å›¾æ ‡',
  `create_by` varchar(64) DEFAULT '' COMMENT 'åˆ›å»ºè€…',
  `create_time` datetime DEFAULT NULL COMMENT 'åˆ›å»ºæ—¶é—´',
  `update_by` varchar(64) DEFAULT '' COMMENT 'æ›´æ–°è€…',
  `update_time` datetime DEFAULT NULL COMMENT 'æ›´æ–°æ—¶é—´',
  `remark` varchar(500) DEFAULT '' COMMENT 'å¤‡æ³¨',
  PRIMARY KEY (`menu_id`)
) ENGINE=InnoDB AUTO_INCREMENT=1085 DEFAULT CHARSET=utf8 COMMENT='èœå•æƒé™è¡¨';

/*Data for the table `sys_menu` */

insert  into `sys_menu`(`menu_id`,`menu_name`,`parent_id`,`order_num`,`url`,`target`,`menu_type`,`visible`,`perms`,`icon`,`create_by`,`create_time`,`update_by`,`update_time`,`remark`) values (1,'ç³»ç»Ÿç®¡ç†',0,1,'#','','M','0','','fa fa-gear','admin','2018-03-16 11:33:00','ry','2018-03-16 11:33:00','ç³»ç»Ÿç®¡ç†ç›®å½•'),(2,'ç³»ç»Ÿç›‘æ§',0,2,'#','','M','0','','fa fa-video-camera','admin','2018-03-16 11:33:00','ry','2018-03-16 11:33:00','ç³»ç»Ÿç›‘æ§ç›®å½•'),(3,'ç³»ç»Ÿå·¥å…·',0,3,'#','','M','0','','fa fa-bars','admin','2018-03-16 11:33:00','ry','2018-03-16 11:33:00','ç³»ç»Ÿå·¥å…·ç›®å½•'),(100,'ç”¨æˆ·ç®¡ç†',1,1,'/system/user','','C','0','system:user:view','#','admin','2018-03-16 11:33:00','ry','2018-03-16 11:33:00','ç”¨æˆ·ç®¡ç†èœå•'),(101,'è§’è‰²ç®¡ç†',1,2,'/system/role','','C','0','system:role:view','#','admin','2018-03-16 11:33:00','ry','2018-03-16 11:33:00','è§’è‰²ç®¡ç†èœå•'),(102,'èœå•ç®¡ç†',1,3,'/system/menu','','C','0','system:menu:view','#','admin','2018-03-16 11:33:00','ry','2018-03-16 11:33:00','èœå•ç®¡ç†èœå•'),(103,'éƒ¨é—¨ç®¡ç†',1,4,'/system/dept','','C','0','system:dept:view','#','admin','2018-03-16 11:33:00','ry','2018-03-16 11:33:00','éƒ¨é—¨ç®¡ç†èœå•'),(104,'å²—ä½ç®¡ç†',1,5,'/system/post','','C','0','system:post:view','#','admin','2018-03-16 11:33:00','ry','2018-03-16 11:33:00','å²—ä½ç®¡ç†èœå•'),(105,'å­—å…¸ç®¡ç†',1,6,'/system/dict','','C','0','system:dict:view','#','admin','2018-03-16 11:33:00','ry','2018-03-16 11:33:00','å­—å…¸ç®¡ç†èœå•'),(106,'å‚æ•°è®¾ç½®',1,7,'/system/config','','C','0','system:config:view','#','admin','2018-03-16 11:33:00','ry','2018-03-16 11:33:00','å‚æ•°è®¾ç½®èœå•'),(107,'é€šçŸ¥å…¬å‘Š',1,8,'/system/notice','','C','0','system:notice:view','#','admin','2018-03-16 11:33:00','ry','2018-03-16 11:33:00','é€šçŸ¥å…¬å‘Šèœå•'),(108,'æ—¥å¿—ç®¡ç†',1,9,'#','','M','0','','#','admin','2018-03-16 11:33:00','ry','2018-03-16 11:33:00','æ—¥å¿—ç®¡ç†èœå•'),(109,'åœ¨çº¿ç”¨æˆ·',2,1,'/monitor/online','','C','0','monitor:online:view','#','admin','2018-03-16 11:33:00','ry','2018-03-16 11:33:00','åœ¨çº¿ç”¨æˆ·èœå•'),(110,'å®šæ—¶ä»»åŠ¡',2,2,'/monitor/job','','C','0','monitor:job:view','#','admin','2018-03-16 11:33:00','ry','2018-03-16 11:33:00','å®šæ—¶ä»»åŠ¡èœå•'),(111,'æ•°æ®ç›‘æ§',2,3,'/monitor/data','','C','0','monitor:data:view','#','admin','2018-03-16 11:33:00','ry','2018-03-16 11:33:00','æ•°æ®ç›‘æ§èœå•'),(112,'æœåŠ¡ç›‘æ§',2,3,'/monitor/server','','C','0','monitor:server:view','#','admin','2018-03-16 11:33:00','ry','2018-03-16 11:33:00','æœåŠ¡ç›‘æ§èœå•'),(113,'è¡¨å•æ„å»º',3,1,'/tool/build','','C','0','tool:build:view','#','admin','2018-03-16 11:33:00','ry','2018-03-16 11:33:00','è¡¨å•æ„å»ºèœå•'),(114,'ä»£ç ç”Ÿæˆ',3,2,'/tool/gen','','C','0','tool:gen:view','#','admin','2018-03-16 11:33:00','ry','2018-03-16 11:33:00','ä»£ç ç”Ÿæˆèœå•'),(115,'ç³»ç»Ÿæ¥å£',3,3,'/tool/swagger','','C','0','tool:swagger:view','#','admin','2018-03-16 11:33:00','ry','2018-03-16 11:33:00','ç³»ç»Ÿæ¥å£èœå•'),(500,'æ“ä½œæ—¥å¿—',108,1,'/monitor/operlog','','C','0','monitor:operlog:view','#','admin','2018-03-16 11:33:00','ry','2018-03-16 11:33:00','æ“ä½œæ—¥å¿—èœå•'),(501,'ç™»å½•æ—¥å¿—',108,2,'/monitor/logininfor','','C','0','monitor:logininfor:view','#','admin','2018-03-16 11:33:00','ry','2018-03-16 11:33:00','ç™»å½•æ—¥å¿—èœå•'),(1000,'ç”¨æˆ·æŸ¥è¯¢',100,1,'#','','F','0','system:user:list','#','admin','2018-03-16 11:33:00','ry','2018-03-16 11:33:00',''),(1001,'ç”¨æˆ·æ–°å¢',100,2,'#','','F','0','system:user:add','#','admin','2018-03-16 11:33:00','ry','2018-03-16 11:33:00',''),(1002,'ç”¨æˆ·ä¿®æ”¹',100,3,'#','','F','0','system:user:edit','#','admin','2018-03-16 11:33:00','ry','2018-03-16 11:33:00',''),(1003,'ç”¨æˆ·åˆ é™¤',100,4,'#','','F','0','system:user:remove','#','admin','2018-03-16 11:33:00','ry','2018-03-16 11:33:00',''),(1004,'ç”¨æˆ·å¯¼å‡º',100,5,'#','','F','0','system:user:export','#','admin','2018-03-16 11:33:00','ry','2018-03-16 11:33:00',''),(1005,'ç”¨æˆ·å¯¼å…¥',100,6,'#','','F','0','system:user:import','#','admin','2018-03-16 11:33:00','ry','2018-03-16 11:33:00',''),(1006,'é‡ç½®å¯†ç ',100,7,'#','','F','0','system:user:resetPwd','#','admin','2018-03-16 11:33:00','ry','2018-03-16 11:33:00',''),(1007,'è§’è‰²æŸ¥è¯¢',101,1,'#','','F','0','system:role:list','#','admin','2018-03-16 11:33:00','ry','2018-03-16 11:33:00',''),(1008,'è§’è‰²æ–°å¢',101,2,'#','','F','0','system:role:add','#','admin','2018-03-16 11:33:00','ry','2018-03-16 11:33:00',''),(1009,'è§’è‰²ä¿®æ”¹',101,3,'#','','F','0','system:role:edit','#','admin','2018-03-16 11:33:00','ry','2018-03-16 11:33:00',''),(1010,'è§’è‰²åˆ é™¤',101,4,'#','','F','0','system:role:remove','#','admin','2018-03-16 11:33:00','ry','2018-03-16 11:33:00',''),(1011,'è§’è‰²å¯¼å‡º',101,5,'#','','F','0','system:role:export','#','admin','2018-03-16 11:33:00','ry','2018-03-16 11:33:00',''),(1012,'èœå•æŸ¥è¯¢',102,1,'#','','F','0','system:menu:list','#','admin','2018-03-16 11:33:00','ry','2018-03-16 11:33:00',''),(1013,'èœå•æ–°å¢',102,2,'#','','F','0','system:menu:add','#','admin','2018-03-16 11:33:00','ry','2018-03-16 11:33:00',''),(1014,'èœå•ä¿®æ”¹',102,3,'#','','F','0','system:menu:edit','#','admin','2018-03-16 11:33:00','ry','2018-03-16 11:33:00',''),(1015,'èœå•åˆ é™¤',102,4,'#','','F','0','system:menu:remove','#','admin','2018-03-16 11:33:00','ry','2018-03-16 11:33:00',''),(1016,'éƒ¨é—¨æŸ¥è¯¢',103,1,'#','','F','0','system:dept:list','#','admin','2018-03-16 11:33:00','ry','2018-03-16 11:33:00',''),(1017,'éƒ¨é—¨æ–°å¢',103,2,'#','','F','0','system:dept:add','#','admin','2018-03-16 11:33:00','ry','2018-03-16 11:33:00',''),(1018,'éƒ¨é—¨ä¿®æ”¹',103,3,'#','','F','0','system:dept:edit','#','admin','2018-03-16 11:33:00','ry','2018-03-16 11:33:00',''),(1019,'éƒ¨é—¨åˆ é™¤',103,4,'#','','F','0','system:dept:remove','#','admin','2018-03-16 11:33:00','ry','2018-03-16 11:33:00',''),(1020,'å²—ä½æŸ¥è¯¢',104,1,'#','','F','0','system:post:list','#','admin','2018-03-16 11:33:00','ry','2018-03-16 11:33:00',''),(1021,'å²—ä½æ–°å¢',104,2,'#','','F','0','system:post:add','#','admin','2018-03-16 11:33:00','ry','2018-03-16 11:33:00',''),(1022,'å²—ä½ä¿®æ”¹',104,3,'#','','F','0','system:post:edit','#','admin','2018-03-16 11:33:00','ry','2018-03-16 11:33:00',''),(1023,'å²—ä½åˆ é™¤',104,4,'#','','F','0','system:post:remove','#','admin','2018-03-16 11:33:00','ry','2018-03-16 11:33:00',''),(1024,'å²—ä½å¯¼å‡º',104,5,'#','','F','0','system:post:export','#','admin','2018-03-16 11:33:00','ry','2018-03-16 11:33:00',''),(1025,'å­—å…¸æŸ¥è¯¢',105,1,'#','','F','0','system:dict:list','#','admin','2018-03-16 11:33:00','ry','2018-03-16 11:33:00',''),(1026,'å­—å…¸æ–°å¢',105,2,'#','','F','0','system:dict:add','#','admin','2018-03-16 11:33:00','ry','2018-03-16 11:33:00',''),(1027,'å­—å…¸ä¿®æ”¹',105,3,'#','','F','0','system:dict:edit','#','admin','2018-03-16 11:33:00','ry','2018-03-16 11:33:00',''),(1028,'å­—å…¸åˆ é™¤',105,4,'#','','F','0','system:dict:remove','#','admin','2018-03-16 11:33:00','ry','2018-03-16 11:33:00',''),(1029,'å­—å…¸å¯¼å‡º',105,5,'#','','F','0','system:dict:export','#','admin','2018-03-16 11:33:00','ry','2018-03-16 11:33:00',''),(1030,'å‚æ•°æŸ¥è¯¢',106,1,'#','','F','0','system:config:list','#','admin','2018-03-16 11:33:00','ry','2018-03-16 11:33:00',''),(1031,'å‚æ•°æ–°å¢',106,2,'#','','F','0','system:config:add','#','admin','2018-03-16 11:33:00','ry','2018-03-16 11:33:00',''),(1032,'å‚æ•°ä¿®æ”¹',106,3,'#','','F','0','system:config:edit','#','admin','2018-03-16 11:33:00','ry','2018-03-16 11:33:00',''),(1033,'å‚æ•°åˆ é™¤',106,4,'#','','F','0','system:config:remove','#','admin','2018-03-16 11:33:00','ry','2018-03-16 11:33:00',''),(1034,'å‚æ•°å¯¼å‡º',106,5,'#','','F','0','system:config:export','#','admin','2018-03-16 11:33:00','ry','2018-03-16 11:33:00',''),(1035,'å…¬å‘ŠæŸ¥è¯¢',107,1,'#','','F','0','system:notice:list','#','admin','2018-03-16 11:33:00','ry','2018-03-16 11:33:00',''),(1036,'å…¬å‘Šæ–°å¢',107,2,'#','','F','0','system:notice:add','#','admin','2018-03-16 11:33:00','ry','2018-03-16 11:33:00',''),(1037,'å…¬å‘Šä¿®æ”¹',107,3,'#','','F','0','system:notice:edit','#','admin','2018-03-16 11:33:00','ry','2018-03-16 11:33:00',''),(1038,'å…¬å‘Šåˆ é™¤',107,4,'#','','F','0','system:notice:remove','#','admin','2018-03-16 11:33:00','ry','2018-03-16 11:33:00',''),(1039,'æ“ä½œæŸ¥è¯¢',500,1,'#','','F','0','monitor:operlog:list','#','admin','2018-03-16 11:33:00','ry','2018-03-16 11:33:00',''),(1040,'æ“ä½œåˆ é™¤',500,2,'#','','F','0','monitor:operlog:remove','#','admin','2018-03-16 11:33:00','ry','2018-03-16 11:33:00',''),(1041,'è¯¦ç»†ä¿¡æ¯',500,3,'#','','F','0','monitor:operlog:detail','#','admin','2018-03-16 11:33:00','ry','2018-03-16 11:33:00',''),(1042,'æ—¥å¿—å¯¼å‡º',500,4,'#','','F','0','monitor:operlog:export','#','admin','2018-03-16 11:33:00','ry','2018-03-16 11:33:00',''),(1043,'ç™»å½•æŸ¥è¯¢',501,1,'#','','F','0','monitor:logininfor:list','#','admin','2018-03-16 11:33:00','ry','2018-03-16 11:33:00',''),(1044,'ç™»å½•åˆ é™¤',501,2,'#','','F','0','monitor:logininfor:remove','#','admin','2018-03-16 11:33:00','ry','2018-03-16 11:33:00',''),(1045,'æ—¥å¿—å¯¼å‡º',501,3,'#','','F','0','monitor:logininfor:export','#','admin','2018-03-16 11:33:00','ry','2018-03-16 11:33:00',''),(1046,'è´¦æˆ·è§£é”',501,4,'#','','F','0','monitor:logininfor:unlock','#','admin','2018-03-16 11:33:00','ry','2018-03-16 11:33:00',''),(1047,'åœ¨çº¿æŸ¥è¯¢',109,1,'#','','F','0','monitor:online:list','#','admin','2018-03-16 11:33:00','ry','2018-03-16 11:33:00',''),(1048,'æ‰¹é‡å¼ºé€€',109,2,'#','','F','0','monitor:online:batchForceLogout','#','admin','2018-03-16 11:33:00','ry','2018-03-16 11:33:00',''),(1049,'å•æ¡å¼ºé€€',109,3,'#','','F','0','monitor:online:forceLogout','#','admin','2018-03-16 11:33:00','ry','2018-03-16 11:33:00',''),(1050,'ä»»åŠ¡æŸ¥è¯¢',110,1,'#','','F','0','monitor:job:list','#','admin','2018-03-16 11:33:00','ry','2018-03-16 11:33:00',''),(1051,'ä»»åŠ¡æ–°å¢',110,2,'#','','F','0','monitor:job:add','#','admin','2018-03-16 11:33:00','ry','2018-03-16 11:33:00',''),(1052,'ä»»åŠ¡ä¿®æ”¹',110,3,'#','','F','0','monitor:job:edit','#','admin','2018-03-16 11:33:00','ry','2018-03-16 11:33:00',''),(1053,'ä»»åŠ¡åˆ é™¤',110,4,'#','','F','0','monitor:job:remove','#','admin','2018-03-16 11:33:00','ry','2018-03-16 11:33:00',''),(1054,'çŠ¶æ€ä¿®æ”¹',110,5,'#','','F','0','monitor:job:changeStatus','#','admin','2018-03-16 11:33:00','ry','2018-03-16 11:33:00',''),(1055,'ä»»åŠ¡è¯¦ç»†',110,6,'#','','F','0','monitor:job:detail','#','admin','2018-03-16 11:33:00','ry','2018-03-16 11:33:00',''),(1056,'ä»»åŠ¡å¯¼å‡º',110,7,'#','','F','0','monitor:job:export','#','admin','2018-03-16 11:33:00','ry','2018-03-16 11:33:00',''),(1057,'ç”ŸæˆæŸ¥è¯¢',114,1,'#','','F','0','tool:gen:list','#','admin','2018-03-16 11:33:00','ry','2018-03-16 11:33:00',''),(1058,'ç”Ÿæˆä¿®æ”¹',114,2,'#','','F','0','tool:gen:edit','#','admin','2018-03-16 11:33:00','ry','2018-03-16 11:33:00',''),(1059,'ç”Ÿæˆåˆ é™¤',114,3,'#','','F','0','tool:gen:remove','#','admin','2018-03-16 11:33:00','ry','2018-03-16 11:33:00',''),(1060,'é¢„è§ˆä»£ç ',114,4,'#','','F','0','tool:gen:preview','#','admin','2018-03-16 11:33:00','ry','2018-03-16 11:33:00',''),(1061,'ç”Ÿæˆä»£ç ',114,5,'#','','F','0','tool:gen:code','#','admin','2018-03-16 11:33:00','ry','2018-03-16 11:33:00',''),(1062,'Blogåå°ç®¡ç†',0,4,'#','menuItem','M','0','','fa fa-file-code-o','admin','2020-06-04 10:01:30','admin','2020-06-08 17:03:13',''),(1063,'ä»ªè¡¨ç›˜',1062,1,'/blog/admin/dash','menuItem','C','0','blog:admin:dash:view','#','admin','2020-06-04 10:06:46','admin','2020-06-08 17:06:16',''),(1064,'å‘å¸ƒåšå®¢',1062,2,'/blog/admin/edit','menuItem','C','0','blog:admin:blogs:add','#','admin','2020-06-04 10:08:11','admin','2020-06-08 17:04:16',''),(1065,'åšå®¢ç®¡ç†',1062,3,'blog/admin/blogs','menuItem','C','0','blog:admin:blogs:view','#','admin','2020-06-04 10:11:41','admin','2020-06-08 17:04:28',''),(1066,'è¯„è®ºç®¡ç†',1062,4,'blog/admin/comments','menuItem','C','0','blog:admin:comments:view','#','admin','2020-06-04 10:12:37','admin','2020-06-08 17:04:41',''),(1067,'åˆ†ç±»ç®¡ç†',1062,5,'blog/admin/categories','menuItem','C','0','blog:admin:categories:view','#','admin','2020-06-04 10:13:26','admin','2020-06-08 17:04:49',''),(1068,'æ ‡ç­¾ç®¡ç†',1062,6,'/blog/admin/tags','menuItem','C','0','blog:admin:tags:view','#','admin','2020-06-04 10:14:39','admin','2020-06-08 17:04:55',''),(1069,'åšå®¢å›æ”¶ç«™',1062,7,'blog/admin/recycle','menuItem','C','0','blog:admin:recycle:view','#','admin','2020-06-04 10:15:37','admin','2020-06-08 17:05:01',''),(1070,'åšå®¢ç³»ç»Ÿé…ç½®',1062,7,'/blog/admin/config','menuItem','C','0','blog:admin:config:view','#','admin','2020-06-04 10:16:59','admin','2020-06-08 17:05:06',''),(1071,'æ–°å¢',1065,4,'#','menuItem','F','0','blog:admin:blogs:add','#','admin','2020-06-05 14:44:37','admin','2020-06-05 15:00:02',''),(1072,'ä¿®æ”¹',1065,2,'#','menuItem','F','0','blog:admin:blogs:edit','#','admin','2020-06-05 14:53:02','',NULL,''),(1073,'åˆ é™¤',1065,3,'#','menuItem','F','0','blog:admin:blogs:remove','#','admin','2020-06-05 14:56:21','',NULL,''),(1074,'æŸ¥è¯¢',1065,1,'#','menuItem','F','0','blog:admin:blogs:list','#','admin','2020-06-05 14:58:58','admin','2020-06-05 14:59:40',''),(1075,'åˆ é™¤',1069,1,'#','menuItem','F','0','blog:admin:recycle:remove','#','admin','2020-06-06 10:08:37','',NULL,''),(1076,'æ¢å¤åšå®¢',1069,2,'#','menuItem','F','0','blog:admin:recycle:recovery','#','admin','2020-06-06 10:09:06','',NULL,''),(1077,'æ–°å¢',1067,1,'#','menuItem','F','0','blog:admin:categories:add','#','admin','2020-06-06 10:17:15','',NULL,''),(1078,'ä¿®æ”¹',1067,2,'#','menuItem','F','0','blog:admin:categories:edit','#','admin','2020-06-06 10:17:34','',NULL,''),(1079,'åˆ é™¤',1067,3,'#','menuItem','F','0','blog:admin:categories:remove','#','admin','2020-06-06 10:17:55','',NULL,''),(1080,'å®¡æ ¸',1066,1,'#','menuItem','F','0','blog:admin:comments:check','#','admin','2020-06-06 10:34:47','',NULL,''),(1081,'å›å¤',1066,2,'#','menuItem','F','0','blog:admin:comments:reply','#','admin','2020-06-06 10:35:08','',NULL,''),(1082,'åˆ é™¤',1066,3,'#','menuItem','F','0','blog:admin:comments:remove','#','admin','2020-06-06 10:35:29','',NULL,''),(1083,'ä¿å­˜/æ–°å¢',1068,1,'#','menuItem','F','0','blog:admin:tags:add','#','admin','2020-06-06 10:42:37','',NULL,''),(1084,'åˆ é™¤',1068,2,'#','menuItem','F','0','blog:admin:tags:remove','#','admin','2020-06-06 10:42:59','',NULL,'');

/*Table structure for table `sys_notice` */

DROP TABLE IF EXISTS `sys_notice`;

CREATE TABLE `sys_notice` (
  `notice_id` int(4) NOT NULL AUTO_INCREMENT COMMENT 'å…¬å‘ŠID',
  `notice_title` varchar(50) NOT NULL COMMENT 'å…¬å‘Šæ ‡é¢˜',
  `notice_type` char(1) NOT NULL COMMENT 'å…¬å‘Šç±»å‹ï¼ˆ1é€šçŸ¥ 2å…¬å‘Šï¼‰',
  `notice_content` varchar(2000) DEFAULT NULL COMMENT 'å…¬å‘Šå†…å®¹',
  `status` char(1) DEFAULT '0' COMMENT 'å…¬å‘ŠçŠ¶æ€ï¼ˆ0æ­£å¸¸ 1å…³é—­ï¼‰',
  `create_by` varchar(64) DEFAULT '' COMMENT 'åˆ›å»ºè€…',
  `create_time` datetime DEFAULT NULL COMMENT 'åˆ›å»ºæ—¶é—´',
  `update_by` varchar(64) DEFAULT '' COMMENT 'æ›´æ–°è€…',
  `update_time` datetime DEFAULT NULL COMMENT 'æ›´æ–°æ—¶é—´',
  `remark` varchar(255) DEFAULT NULL COMMENT 'å¤‡æ³¨',
  PRIMARY KEY (`notice_id`)
) ENGINE=InnoDB AUTO_INCREMENT=3 DEFAULT CHARSET=utf8 COMMENT='é€šçŸ¥å…¬å‘Šè¡¨';

/*Data for the table `sys_notice` */

insert  into `sys_notice`(`notice_id`,`notice_title`,`notice_type`,`notice_content`,`status`,`create_by`,`create_time`,`update_by`,`update_time`,`remark`) values (1,'æ¸©é¦¨æé†’ï¼š2018-07-01 è‹¥ä¾æ–°ç‰ˆæœ¬å‘å¸ƒå•¦','2','æ–°ç‰ˆæœ¬å†…å®¹','0','admin','2018-03-16 11:33:00','ry','2018-03-16 11:33:00','ç®¡ç†å‘˜'),(2,'ç»´æŠ¤é€šçŸ¥ï¼š2018-07-01 è‹¥ä¾ç³»ç»Ÿå‡Œæ™¨ç»´æŠ¤','1','ç»´æŠ¤å†…å®¹','0','admin','2018-03-16 11:33:00','ry','2018-03-16 11:33:00','ç®¡ç†å‘˜');

/*Table structure for table `sys_oper_log` */

DROP TABLE IF EXISTS `sys_oper_log`;

CREATE TABLE `sys_oper_log` (
  `oper_id` bigint(20) NOT NULL AUTO_INCREMENT COMMENT 'æ—¥å¿—ä¸»é”®',
  `title` varchar(50) DEFAULT '' COMMENT 'æ¨¡å—æ ‡é¢˜',
  `business_type` int(2) DEFAULT '0' COMMENT 'ä¸šåŠ¡ç±»å‹ï¼ˆ0å…¶å®ƒ 1æ–°å¢ 2ä¿®æ”¹ 3åˆ é™¤ï¼‰',
  `method` varchar(100) DEFAULT '' COMMENT 'æ–¹æ³•åç§°',
  `request_method` varchar(10) DEFAULT '' COMMENT 'è¯·æ±‚æ–¹å¼',
  `operator_type` int(1) DEFAULT '0' COMMENT 'æ“ä½œç±»åˆ«ï¼ˆ0å…¶å®ƒ 1åå°ç”¨æˆ· 2æ‰‹æœºç«¯ç”¨æˆ·ï¼‰',
  `oper_name` varchar(50) DEFAULT '' COMMENT 'æ“ä½œäººå‘˜',
  `dept_name` varchar(50) DEFAULT '' COMMENT 'éƒ¨é—¨åç§°',
  `oper_url` varchar(255) DEFAULT '' COMMENT 'è¯·æ±‚URL',
  `oper_ip` varchar(50) DEFAULT '' COMMENT 'ä¸»æœºåœ°å€',
  `oper_location` varchar(255) DEFAULT '' COMMENT 'æ“ä½œåœ°ç‚¹',
  `oper_param` varchar(2000) DEFAULT '' COMMENT 'è¯·æ±‚å‚æ•°',
  `json_result` varchar(2000) DEFAULT '' COMMENT 'è¿”å›å‚æ•°',
  `status` int(1) DEFAULT '0' COMMENT 'æ“ä½œçŠ¶æ€ï¼ˆ0æ­£å¸¸ 1å¼‚å¸¸ï¼‰',
  `error_msg` varchar(2000) DEFAULT '' COMMENT 'é”™è¯¯æ¶ˆæ¯',
  `oper_time` datetime DEFAULT NULL COMMENT 'æ“ä½œæ—¶é—´',
  PRIMARY KEY (`oper_id`)
) ENGINE=InnoDB AUTO_INCREMENT=164 DEFAULT CHARSET=utf8 COMMENT='æ“ä½œæ—¥å¿—è®°å½•';

/*Data for the table `sys_oper_log` */

insert  into `sys_oper_log`(`oper_id`,`title`,`business_type`,`method`,`request_method`,`operator_type`,`oper_name`,`dept_name`,`oper_url`,`oper_ip`,`oper_location`,`oper_param`,`json_result`,`status`,`error_msg`,`oper_time`) values (100,'ä»£ç ç”Ÿæˆ',6,'com.ruoyi.generator.controller.GenController.importTableSave()','POST',1,'admin','ç ”å‘éƒ¨é—¨','/tool/gen/importTable','127.0.0.1','å†…ç½‘IP','{\r\n  \"tables\" : [ \"sys_notice\" ]\r\n}','{\r\n  \"msg\" : \"æ“ä½œæˆåŠŸ\",\r\n  \"code\" : 0\r\n}',0,NULL,'2020-06-02 13:34:12'),(101,'ä»£ç ç”Ÿæˆ',3,'com.ruoyi.generator.controller.GenController.remove()','POST',1,'admin','ç ”å‘éƒ¨é—¨','/tool/gen/remove','127.0.0.1','å†…ç½‘IP','{\r\n  \"ids\" : [ \"1\" ]\r\n}','{\r\n  \"msg\" : \"æ“ä½œæˆåŠŸ\",\r\n  \"code\" : 0\r\n}',0,NULL,'2020-06-02 13:38:02'),(102,'ä»£ç ç”Ÿæˆ',6,'com.ruoyi.generator.controller.GenController.importTableSave()','POST',1,'admin','ç ”å‘éƒ¨é—¨','/tool/gen/importTable','127.0.0.1','å†…ç½‘IP','{\r\n  \"tables\" : [ \"sys_notice\" ]\r\n}','{\r\n  \"msg\" : \"æ“ä½œæˆåŠŸ\",\r\n  \"code\" : 0\r\n}',0,NULL,'2020-06-02 13:38:06'),(103,'ä»£ç ç”Ÿæˆ',3,'com.ruoyi.generator.controller.GenController.remove()','POST',1,'admin','ç ”å‘éƒ¨é—¨','/tool/gen/remove','127.0.0.1','å†…ç½‘IP','{\r\n  \"ids\" : [ \"2\" ]\r\n}','{\r\n  \"msg\" : \"æ“ä½œæˆåŠŸ\",\r\n  \"code\" : 0\r\n}',0,NULL,'2020-06-02 13:38:14'),(104,'éƒ¨é—¨ç®¡ç†',1,'com.ruoyi.web.controller.system.SysDeptController.addSave()','POST',1,'admin','ç ”å‘éƒ¨é—¨','/system/dept/add','127.0.0.1','å†…ç½‘IP','{\r\n  \"parentId\" : [ \"100\" ],\r\n  \"deptName\" : [ \"Blogåå°ç®¡ç†\" ],\r\n  \"orderNum\" : [ \"3\" ],\r\n  \"leader\" : [ \"Lin\" ],\r\n  \"phone\" : [ \"18200000000\" ],\r\n  \"email\" : [ \"5@qq.com\" ],\r\n  \"status\" : [ \"0\" ]\r\n}','{\r\n  \"msg\" : \"æ“ä½œæˆåŠŸ\",\r\n  \"code\" : 0\r\n}',0,NULL,'2020-06-04 09:56:49'),(105,'éƒ¨é—¨ç®¡ç†',1,'com.ruoyi.web.controller.system.SysDeptController.addSave()','POST',1,'admin','ç ”å‘éƒ¨é—¨','/system/dept/add','127.0.0.1','å†…ç½‘IP','{\r\n  \"parentId\" : [ \"110\" ],\r\n  \"deptName\" : [ \"ç®¡ç†å‘˜éƒ¨\" ],\r\n  \"orderNum\" : [ \"1\" ],\r\n  \"leader\" : [ \"Lin\" ],\r\n  \"phone\" : [ \"18000000000\" ],\r\n  \"email\" : [ \"5@qq.com\" ],\r\n  \"status\" : [ \"0\" ]\r\n}','{\r\n  \"msg\" : \"æ“ä½œæˆåŠŸ\",\r\n  \"code\" : 0\r\n}',0,NULL,'2020-06-04 09:57:58'),(106,'è§’è‰²ç®¡ç†',1,'com.ruoyi.web.controller.system.SysRoleController.addSave()','POST',1,'admin','ç ”å‘éƒ¨é—¨','/system/role/add','127.0.0.1','å†…ç½‘IP','{\r\n  \"roleName\" : [ \"Blogç®¡ç†å‘˜\" ],\r\n  \"roleKey\" : [ \"@RequiresRoles(\\\"\\\")\" ],\r\n  \"roleSort\" : [ \"3\" ],\r\n  \"status\" : [ \"0\" ],\r\n  \"remark\" : [ \"ä»…ç”¨äºç®¡ç†blogåå°\" ],\r\n  \"menuIds\" : [ \"\" ]\r\n}','{\r\n  \"msg\" : \"æ“ä½œæˆåŠŸ\",\r\n  \"code\" : 0\r\n}',0,NULL,'2020-06-04 09:59:24'),(107,'è§’è‰²ç®¡ç†',2,'com.ruoyi.web.controller.system.SysRoleController.editSave()','POST',1,'admin','ç ”å‘éƒ¨é—¨','/system/role/edit','127.0.0.1','å†…ç½‘IP','{\r\n  \"roleId\" : [ \"3\" ],\r\n  \"roleName\" : [ \"Blogç®¡ç†å‘˜\" ],\r\n  \"roleKey\" : [ \"blog-admin\" ],\r\n  \"roleSort\" : [ \"3\" ],\r\n  \"status\" : [ \"0\" ],\r\n  \"remark\" : [ \"ä»…ç”¨äºç®¡ç†blogåå°\" ],\r\n  \"menuIds\" : [ \"\" ]\r\n}','{\r\n  \"msg\" : \"æ“ä½œæˆåŠŸ\",\r\n  \"code\" : 0\r\n}',0,NULL,'2020-06-04 09:59:45'),(108,'èœå•ç®¡ç†',1,'com.ruoyi.web.controller.system.SysMenuController.addSave()','POST',1,'admin','ç ”å‘éƒ¨é—¨','/system/menu/add','127.0.0.1','å†…ç½‘IP','{\r\n  \"parentId\" : [ \"0\" ],\r\n  \"menuType\" : [ \"C\" ],\r\n  \"menuName\" : [ \"Blogåå°ç®¡ç†\" ],\r\n  \"url\" : [ \"#\" ],\r\n  \"target\" : [ \"menuItem\" ],\r\n  \"perms\" : [ \"\" ],\r\n  \"orderNum\" : [ \"4\" ],\r\n  \"icon\" : [ \"fa fa-arrows\" ],\r\n  \"visible\" : [ \"0\" ]\r\n}','{\r\n  \"msg\" : \"æ“ä½œæˆåŠŸ\",\r\n  \"code\" : 0\r\n}',0,NULL,'2020-06-04 10:01:30'),(109,'èœå•ç®¡ç†',2,'com.ruoyi.web.controller.system.SysMenuController.editSave()','POST',1,'admin','ç ”å‘éƒ¨é—¨','/system/menu/edit','127.0.0.1','å†…ç½‘IP','{\r\n  \"menuId\" : [ \"1062\" ],\r\n  \"parentId\" : [ \"0\" ],\r\n  \"menuType\" : [ \"M\" ],\r\n  \"menuName\" : [ \"Blogåå°ç®¡ç†\" ],\r\n  \"url\" : [ \"#\" ],\r\n  \"target\" : [ \"menuItem\" ],\r\n  \"perms\" : [ \"\" ],\r\n  \"orderNum\" : [ \"4\" ],\r\n  \"icon\" : [ \"fa fa-arrows\" ],\r\n  \"visible\" : [ \"0\" ]\r\n}','{\r\n  \"msg\" : \"æ“ä½œæˆåŠŸ\",\r\n  \"code\" : 0\r\n}',0,NULL,'2020-06-04 10:01:58'),(110,'èœå•ç®¡ç†',1,'com.ruoyi.web.controller.system.SysMenuController.addSave()','POST',1,'admin','ç ”å‘éƒ¨é—¨','/system/menu/add','127.0.0.1','å†…ç½‘IP','{\r\n  \"parentId\" : [ \"1062\" ],\r\n  \"menuType\" : [ \"C\" ],\r\n  \"menuName\" : [ \"Dashboard\" ],\r\n  \"url\" : [ \"/blog/admin/dash\" ],\r\n  \"target\" : [ \"menuItem\" ],\r\n  \"perms\" : [ \"blog:admin:dash\" ],\r\n  \"orderNum\" : [ \"1\" ],\r\n  \"icon\" : [ \"fa fa-adjust\" ],\r\n  \"visible\" : [ \"0\" ]\r\n}','{\r\n  \"msg\" : \"æ“ä½œæˆåŠŸ\",\r\n  \"code\" : 0\r\n}',0,NULL,'2020-06-04 10:06:46'),(111,'èœå•ç®¡ç†',1,'com.ruoyi.web.controller.system.SysMenuController.addSave()','POST',1,'admin','ç ”å‘éƒ¨é—¨','/system/menu/add','127.0.0.1','å†…ç½‘IP','{\r\n  \"parentId\" : [ \"1062\" ],\r\n  \"menuType\" : [ \"C\" ],\r\n  \"menuName\" : [ \"å‘å¸ƒåšå®¢\" ],\r\n  \"url\" : [ \"/blog/admin/edit\" ],\r\n  \"target\" : [ \"menuItem\" ],\r\n  \"perms\" : [ \"blog:admin:edit\" ],\r\n  \"orderNum\" : [ \"2\" ],\r\n  \"icon\" : [ \"fa fa-adjust\" ],\r\n  \"visible\" : [ \"0\" ]\r\n}','{\r\n  \"msg\" : \"æ“ä½œæˆåŠŸ\",\r\n  \"code\" : 0\r\n}',0,NULL,'2020-06-04 10:08:11'),(112,'èœå•ç®¡ç†',1,'com.ruoyi.web.controller.system.SysMenuController.addSave()','POST',1,'admin','ç ”å‘éƒ¨é—¨','/system/menu/add','127.0.0.1','å†…ç½‘IP','{\r\n  \"parentId\" : [ \"1062\" ],\r\n  \"menuType\" : [ \"C\" ],\r\n  \"menuName\" : [ \"åšå®¢ç®¡ç†\" ],\r\n  \"url\" : [ \"blog/admin/blogs\" ],\r\n  \"target\" : [ \"menuItem\" ],\r\n  \"perms\" : [ \"blog:admin:blogs\" ],\r\n  \"orderNum\" : [ \"3\" ],\r\n  \"icon\" : [ \"fa fa-adjust\" ],\r\n  \"visible\" : [ \"0\" ]\r\n}','{\r\n  \"msg\" : \"æ“ä½œæˆåŠŸ\",\r\n  \"code\" : 0\r\n}',0,NULL,'2020-06-04 10:11:41'),(113,'èœå•ç®¡ç†',1,'com.ruoyi.web.controller.system.SysMenuController.addSave()','POST',1,'admin','ç ”å‘éƒ¨é—¨','/system/menu/add','127.0.0.1','å†…ç½‘IP','{\r\n  \"parentId\" : [ \"1062\" ],\r\n  \"menuType\" : [ \"C\" ],\r\n  \"menuName\" : [ \"è¯„è®ºç®¡ç†\" ],\r\n  \"url\" : [ \"blog/admin/comments\" ],\r\n  \"target\" : [ \"menuItem\" ],\r\n  \"perms\" : [ \"blog:admin:comments\" ],\r\n  \"orderNum\" : [ \"4\" ],\r\n  \"icon\" : [ \"fa fa-adjust\" ],\r\n  \"visible\" : [ \"0\" ]\r\n}','{\r\n  \"msg\" : \"æ“ä½œæˆåŠŸ\",\r\n  \"code\" : 0\r\n}',0,NULL,'2020-06-04 10:12:37'),(114,'èœå•ç®¡ç†',1,'com.ruoyi.web.controller.system.SysMenuController.addSave()','POST',1,'admin','ç ”å‘éƒ¨é—¨','/system/menu/add','127.0.0.1','å†…ç½‘IP','{\r\n  \"parentId\" : [ \"1062\" ],\r\n  \"menuType\" : [ \"C\" ],\r\n  \"menuName\" : [ \"åˆ†ç±»ç®¡ç†\" ],\r\n  \"url\" : [ \"blog/admin/categories\" ],\r\n  \"target\" : [ \"menuItem\" ],\r\n  \"perms\" : [ \"blog:admin:categories\" ],\r\n  \"orderNum\" : [ \"5\" ],\r\n  \"icon\" : [ \"fa fa-adjust\" ],\r\n  \"visible\" : [ \"0\" ]\r\n}','{\r\n  \"msg\" : \"æ“ä½œæˆåŠŸ\",\r\n  \"code\" : 0\r\n}',0,NULL,'2020-06-04 10:13:26'),(115,'èœå•ç®¡ç†',1,'com.ruoyi.web.controller.system.SysMenuController.addSave()','POST',1,'admin','ç ”å‘éƒ¨é—¨','/system/menu/add','127.0.0.1','å†…ç½‘IP','{\r\n  \"parentId\" : [ \"1062\" ],\r\n  \"menuType\" : [ \"C\" ],\r\n  \"menuName\" : [ \"æ ‡ç­¾ç®¡ç†\" ],\r\n  \"url\" : [ \"/blog/admin/tags\" ],\r\n  \"target\" : [ \"menuItem\" ],\r\n  \"perms\" : [ \"blog:admin:tags\" ],\r\n  \"orderNum\" : [ \"6\" ],\r\n  \"icon\" : [ \"fa fa-adjust\" ],\r\n  \"visible\" : [ \"0\" ]\r\n}','{\r\n  \"msg\" : \"æ“ä½œæˆåŠŸ\",\r\n  \"code\" : 0\r\n}',0,NULL,'2020-06-04 10:14:39'),(116,'èœå•ç®¡ç†',1,'com.ruoyi.web.controller.system.SysMenuController.addSave()','POST',1,'admin','ç ”å‘éƒ¨é—¨','/system/menu/add','127.0.0.1','å†…ç½‘IP','{\r\n  \"parentId\" : [ \"1062\" ],\r\n  \"menuType\" : [ \"C\" ],\r\n  \"menuName\" : [ \"åšå®¢å›æ”¶ç«™\" ],\r\n  \"url\" : [ \"blog/admin/recycle\" ],\r\n  \"target\" : [ \"menuItem\" ],\r\n  \"perms\" : [ \"blog:admin:recycle\" ],\r\n  \"orderNum\" : [ \"7\" ],\r\n  \"icon\" : [ \"fa fa-adjust\" ],\r\n  \"visible\" : [ \"0\" ]\r\n}','{\r\n  \"msg\" : \"æ“ä½œæˆåŠŸ\",\r\n  \"code\" : 0\r\n}',0,NULL,'2020-06-04 10:15:37'),(117,'èœå•ç®¡ç†',1,'com.ruoyi.web.controller.system.SysMenuController.addSave()','POST',1,'admin','ç ”å‘éƒ¨é—¨','/system/menu/add','127.0.0.1','å†…ç½‘IP','{\r\n  \"parentId\" : [ \"1062\" ],\r\n  \"menuType\" : [ \"C\" ],\r\n  \"menuName\" : [ \"åšå®¢å­ç³»ç»Ÿé…ç½®\" ],\r\n  \"url\" : [ \"/blog/admin/config\" ],\r\n  \"target\" : [ \"menuItem\" ],\r\n  \"perms\" : [ \"blog:admin:config\" ],\r\n  \"orderNum\" : [ \"7\" ],\r\n  \"icon\" : [ \"fa fa-adjust\" ],\r\n  \"visible\" : [ \"0\" ]\r\n}','{\r\n  \"msg\" : \"æ“ä½œæˆåŠŸ\",\r\n  \"code\" : 0\r\n}',0,NULL,'2020-06-04 10:16:59'),(118,'èœå•ç®¡ç†',2,'com.ruoyi.web.controller.system.SysMenuController.editSave()','POST',1,'admin','ç ”å‘éƒ¨é—¨','/system/menu/edit','127.0.0.1','å†…ç½‘IP','{\r\n  \"menuId\" : [ \"1070\" ],\r\n  \"parentId\" : [ \"1062\" ],\r\n  \"menuType\" : [ \"C\" ],\r\n  \"menuName\" : [ \"åšå®¢ç³»ç»Ÿé…ç½®\" ],\r\n  \"url\" : [ \"/blog/admin/config\" ],\r\n  \"target\" : [ \"menuItem\" ],\r\n  \"perms\" : [ \"blog:admin:config\" ],\r\n  \"orderNum\" : [ \"7\" ],\r\n  \"icon\" : [ \"fa fa-adjust\" ],\r\n  \"visible\" : [ \"0\" ]\r\n}','{\r\n  \"msg\" : \"æ“ä½œæˆåŠŸ\",\r\n  \"code\" : 0\r\n}',0,NULL,'2020-06-04 10:18:02'),(119,'èœå•ç®¡ç†',2,'com.ruoyi.web.controller.system.SysMenuController.editSave()','POST',1,'admin','ç ”å‘éƒ¨é—¨','/system/menu/edit','127.0.0.1','å†…ç½‘IP','{\r\n  \"menuId\" : [ \"1063\" ],\r\n  \"parentId\" : [ \"1062\" ],\r\n  \"menuType\" : [ \"C\" ],\r\n  \"menuName\" : [ \"Dashboard\" ],\r\n  \"url\" : [ \"/blog/admin/dash\" ],\r\n  \"target\" : [ \"menuItem\" ],\r\n  \"perms\" : [ \"blog:admin:dash:view\" ],\r\n  \"orderNum\" : [ \"1\" ],\r\n  \"icon\" : [ \"fa fa-adjust\" ],\r\n  \"visible\" : [ \"0\" ]\r\n}','{\r\n  \"msg\" : \"æ“ä½œæˆåŠŸ\",\r\n  \"code\" : 0\r\n}',0,NULL,'2020-06-04 10:18:37'),(120,'èœå•ç®¡ç†',2,'com.ruoyi.web.controller.system.SysMenuController.editSave()','POST',1,'admin','ç ”å‘éƒ¨é—¨','/system/menu/edit','127.0.0.1','å†…ç½‘IP','{\r\n  \"menuId\" : [ \"1064\" ],\r\n  \"parentId\" : [ \"1062\" ],\r\n  \"menuType\" : [ \"C\" ],\r\n  \"menuName\" : [ \"å‘å¸ƒåšå®¢\" ],\r\n  \"url\" : [ \"/blog/admin/edit\" ],\r\n  \"target\" : [ \"menuItem\" ],\r\n  \"perms\" : [ \"blog:admin:edit:view\" ],\r\n  \"orderNum\" : [ \"2\" ],\r\n  \"icon\" : [ \"fa fa-adjust\" ],\r\n  \"visible\" : [ \"0\" ]\r\n}','{\r\n  \"msg\" : \"æ“ä½œæˆåŠŸ\",\r\n  \"code\" : 0\r\n}',0,NULL,'2020-06-04 10:18:44'),(121,'èœå•ç®¡ç†',2,'com.ruoyi.web.controller.system.SysMenuController.editSave()','POST',1,'admin','ç ”å‘éƒ¨é—¨','/system/menu/edit','127.0.0.1','å†…ç½‘IP','{\r\n  \"menuId\" : [ \"1065\" ],\r\n  \"parentId\" : [ \"1062\" ],\r\n  \"menuType\" : [ \"C\" ],\r\n  \"menuName\" : [ \"åšå®¢ç®¡ç†\" ],\r\n  \"url\" : [ \"blog/admin/blogs\" ],\r\n  \"target\" : [ \"menuItem\" ],\r\n  \"perms\" : [ \"blog:admin:blogs:view\" ],\r\n  \"orderNum\" : [ \"3\" ],\r\n  \"icon\" : [ \"fa fa-adjust\" ],\r\n  \"visible\" : [ \"0\" ]\r\n}','{\r\n  \"msg\" : \"æ“ä½œæˆåŠŸ\",\r\n  \"code\" : 0\r\n}',0,NULL,'2020-06-04 10:18:51'),(122,'èœå•ç®¡ç†',2,'com.ruoyi.web.controller.system.SysMenuController.editSave()','POST',1,'admin','ç ”å‘éƒ¨é—¨','/system/menu/edit','127.0.0.1','å†…ç½‘IP','{\r\n  \"menuId\" : [ \"1066\" ],\r\n  \"parentId\" : [ \"1062\" ],\r\n  \"menuType\" : [ \"C\" ],\r\n  \"menuName\" : [ \"è¯„è®ºç®¡ç†\" ],\r\n  \"url\" : [ \"blog/admin/comments\" ],\r\n  \"target\" : [ \"menuItem\" ],\r\n  \"perms\" : [ \"blog:admin:comments:view\" ],\r\n  \"orderNum\" : [ \"4\" ],\r\n  \"icon\" : [ \"fa fa-adjust\" ],\r\n  \"visible\" : [ \"0\" ]\r\n}','{\r\n  \"msg\" : \"æ“ä½œæˆåŠŸ\",\r\n  \"code\" : 0\r\n}',0,NULL,'2020-06-04 10:19:00'),(123,'èœå•ç®¡ç†',2,'com.ruoyi.web.controller.system.SysMenuController.editSave()','POST',1,'admin','ç ”å‘éƒ¨é—¨','/system/menu/edit','127.0.0.1','å†…ç½‘IP','{\r\n  \"menuId\" : [ \"1067\" ],\r\n  \"parentId\" : [ \"1062\" ],\r\n  \"menuType\" : [ \"C\" ],\r\n  \"menuName\" : [ \"åˆ†ç±»ç®¡ç†\" ],\r\n  \"url\" : [ \"blog/admin/categories\" ],\r\n  \"target\" : [ \"menuItem\" ],\r\n  \"perms\" : [ \"blog:admin:categories:view\" ],\r\n  \"orderNum\" : [ \"5\" ],\r\n  \"icon\" : [ \"fa fa-adjust\" ],\r\n  \"visible\" : [ \"0\" ]\r\n}','{\r\n  \"msg\" : \"æ“ä½œæˆåŠŸ\",\r\n  \"code\" : 0\r\n}',0,NULL,'2020-06-04 10:19:07'),(124,'èœå•ç®¡ç†',2,'com.ruoyi.web.controller.system.SysMenuController.editSave()','POST',1,'admin','ç ”å‘éƒ¨é—¨','/system/menu/edit','127.0.0.1','å†…ç½‘IP','{\r\n  \"menuId\" : [ \"1068\" ],\r\n  \"parentId\" : [ \"1062\" ],\r\n  \"menuType\" : [ \"C\" ],\r\n  \"menuName\" : [ \"æ ‡ç­¾ç®¡ç†\" ],\r\n  \"url\" : [ \"/blog/admin/tags\" ],\r\n  \"target\" : [ \"menuItem\" ],\r\n  \"perms\" : [ \"blog:admin:tags:view\" ],\r\n  \"orderNum\" : [ \"6\" ],\r\n  \"icon\" : [ \"fa fa-adjust\" ],\r\n  \"visible\" : [ \"0\" ]\r\n}','{\r\n  \"msg\" : \"æ“ä½œæˆåŠŸ\",\r\n  \"code\" : 0\r\n}',0,NULL,'2020-06-04 10:19:13'),(125,'èœå•ç®¡ç†',2,'com.ruoyi.web.controller.system.SysMenuController.editSave()','POST',1,'admin','ç ”å‘éƒ¨é—¨','/system/menu/edit','127.0.0.1','å†…ç½‘IP','{\r\n  \"menuId\" : [ \"1069\" ],\r\n  \"parentId\" : [ \"1062\" ],\r\n  \"menuType\" : [ \"C\" ],\r\n  \"menuName\" : [ \"åšå®¢å›æ”¶ç«™\" ],\r\n  \"url\" : [ \"blog/admin/recycle\" ],\r\n  \"target\" : [ \"menuItem\" ],\r\n  \"perms\" : [ \"blog:admin:recycle:view\" ],\r\n  \"orderNum\" : [ \"7\" ],\r\n  \"icon\" : [ \"fa fa-adjust\" ],\r\n  \"visible\" : [ \"0\" ]\r\n}','{\r\n  \"msg\" : \"æ“ä½œæˆåŠŸ\",\r\n  \"code\" : 0\r\n}',0,NULL,'2020-06-04 10:19:19'),(126,'èœå•ç®¡ç†',2,'com.ruoyi.web.controller.system.SysMenuController.editSave()','POST',1,'admin','ç ”å‘éƒ¨é—¨','/system/menu/edit','127.0.0.1','å†…ç½‘IP','{\r\n  \"menuId\" : [ \"1070\" ],\r\n  \"parentId\" : [ \"1062\" ],\r\n  \"menuType\" : [ \"C\" ],\r\n  \"menuName\" : [ \"åšå®¢ç³»ç»Ÿé…ç½®\" ],\r\n  \"url\" : [ \"/blog/admin/config\" ],\r\n  \"target\" : [ \"menuItem\" ],\r\n  \"perms\" : [ \"blog:admin:config:view\" ],\r\n  \"orderNum\" : [ \"7\" ],\r\n  \"icon\" : [ \"fa fa-adjust\" ],\r\n  \"visible\" : [ \"0\" ]\r\n}','{\r\n  \"msg\" : \"æ“ä½œæˆåŠŸ\",\r\n  \"code\" : 0\r\n}',0,NULL,'2020-06-04 10:19:24'),(127,'èœå•ç®¡ç†',1,'com.ruoyi.web.controller.system.SysMenuController.addSave()','POST',1,'admin','ç ”å‘éƒ¨é—¨','/system/menu/add','127.0.0.1','å†…ç½‘IP','{\r\n  \"parentId\" : [ \"1065\" ],\r\n  \"menuType\" : [ \"F\" ],\r\n  \"menuName\" : [ \"æ–°å¢\" ],\r\n  \"url\" : [ \"\" ],\r\n  \"target\" : [ \"menuItem\" ],\r\n  \"perms\" : [ \"blog:admin:blogs:add\" ],\r\n  \"orderNum\" : [ \"1\" ],\r\n  \"icon\" : [ \"\" ],\r\n  \"visible\" : [ \"0\" ]\r\n}','{\r\n  \"msg\" : \"æ“ä½œæˆåŠŸ\",\r\n  \"code\" : 0\r\n}',0,NULL,'2020-06-05 14:44:37'),(128,'èœå•ç®¡ç†',2,'com.ruoyi.web.controller.system.SysMenuController.editSave()','POST',1,'admin','ç ”å‘éƒ¨é—¨','/system/menu/edit','127.0.0.1','å†…ç½‘IP','{\r\n  \"menuId\" : [ \"1064\" ],\r\n  \"parentId\" : [ \"1062\" ],\r\n  \"menuType\" : [ \"C\" ],\r\n  \"menuName\" : [ \"å‘å¸ƒåšå®¢\" ],\r\n  \"url\" : [ \"/blog/admin/edit\" ],\r\n  \"target\" : [ \"menuItem\" ],\r\n  \"perms\" : [ \"blog:admin:blogs:add\" ],\r\n  \"orderNum\" : [ \"2\" ],\r\n  \"icon\" : [ \"fa fa-adjust\" ],\r\n  \"visible\" : [ \"0\" ]\r\n}','{\r\n  \"msg\" : \"æ“ä½œæˆåŠŸ\",\r\n  \"code\" : 0\r\n}',0,NULL,'2020-06-05 14:51:37'),(129,'èœå•ç®¡ç†',1,'com.ruoyi.web.controller.system.SysMenuController.addSave()','POST',1,'admin','ç ”å‘éƒ¨é—¨','/system/menu/add','127.0.0.1','å†…ç½‘IP','{\r\n  \"parentId\" : [ \"1065\" ],\r\n  \"menuType\" : [ \"F\" ],\r\n  \"menuName\" : [ \"ä¿®æ”¹\" ],\r\n  \"url\" : [ \"\" ],\r\n  \"target\" : [ \"menuItem\" ],\r\n  \"perms\" : [ \"blog:admin:blogs:edit\" ],\r\n  \"orderNum\" : [ \"2\" ],\r\n  \"icon\" : [ \"\" ],\r\n  \"visible\" : [ \"0\" ]\r\n}','{\r\n  \"msg\" : \"æ“ä½œæˆåŠŸ\",\r\n  \"code\" : 0\r\n}',0,NULL,'2020-06-05 14:53:02'),(130,'èœå•ç®¡ç†',1,'com.ruoyi.web.controller.system.SysMenuController.addSave()','POST',1,'admin','ç ”å‘éƒ¨é—¨','/system/menu/add','127.0.0.1','å†…ç½‘IP','{\r\n  \"parentId\" : [ \"1065\" ],\r\n  \"menuType\" : [ \"F\" ],\r\n  \"menuName\" : [ \"åˆ é™¤\" ],\r\n  \"url\" : [ \"\" ],\r\n  \"target\" : [ \"menuItem\" ],\r\n  \"perms\" : [ \"blog:admin:blogs:remove\" ],\r\n  \"orderNum\" : [ \"3\" ],\r\n  \"icon\" : [ \"\" ],\r\n  \"visible\" : [ \"0\" ]\r\n}','{\r\n  \"msg\" : \"æ“ä½œæˆåŠŸ\",\r\n  \"code\" : 0\r\n}',0,NULL,'2020-06-05 14:56:21'),(131,'èœå•ç®¡ç†',1,'com.ruoyi.web.controller.system.SysMenuController.addSave()','POST',1,'admin','ç ”å‘éƒ¨é—¨','/system/menu/add','127.0.0.1','å†…ç½‘IP','{\r\n  \"parentId\" : [ \"1065\" ],\r\n  \"menuType\" : [ \"F\" ],\r\n  \"menuName\" : [ \"æŸ¥è¯¢\" ],\r\n  \"url\" : [ \"\" ],\r\n  \"target\" : [ \"menuItem\" ],\r\n  \"perms\" : [ \"\" ],\r\n  \"orderNum\" : [ \"4\" ],\r\n  \"icon\" : [ \"\" ],\r\n  \"visible\" : [ \"0\" ]\r\n}','{\r\n  \"msg\" : \"æ“ä½œæˆåŠŸ\",\r\n  \"code\" : 0\r\n}',0,NULL,'2020-06-05 14:58:58'),(132,'èœå•ç®¡ç†',2,'com.ruoyi.web.controller.system.SysMenuController.editSave()','POST',1,'admin','ç ”å‘éƒ¨é—¨','/system/menu/edit','127.0.0.1','å†…ç½‘IP','{\r\n  \"menuId\" : [ \"1074\" ],\r\n  \"parentId\" : [ \"1065\" ],\r\n  \"menuType\" : [ \"F\" ],\r\n  \"menuName\" : [ \"æŸ¥è¯¢\" ],\r\n  \"url\" : [ \"#\" ],\r\n  \"target\" : [ \"menuItem\" ],\r\n  \"perms\" : [ \"blog:admin:blogs:list\" ],\r\n  \"orderNum\" : [ \"1\" ],\r\n  \"icon\" : [ \"#\" ],\r\n  \"visible\" : [ \"0\" ]\r\n}','{\r\n  \"msg\" : \"æ“ä½œæˆåŠŸ\",\r\n  \"code\" : 0\r\n}',0,NULL,'2020-06-05 14:59:40'),(133,'èœå•ç®¡ç†',2,'com.ruoyi.web.controller.system.SysMenuController.editSave()','POST',1,'admin','ç ”å‘éƒ¨é—¨','/system/menu/edit','127.0.0.1','å†…ç½‘IP','{\r\n  \"menuId\" : [ \"1071\" ],\r\n  \"parentId\" : [ \"1065\" ],\r\n  \"menuType\" : [ \"F\" ],\r\n  \"menuName\" : [ \"æ–°å¢\" ],\r\n  \"url\" : [ \"#\" ],\r\n  \"target\" : [ \"menuItem\" ],\r\n  \"perms\" : [ \"blog:admin:blogs:add\" ],\r\n  \"orderNum\" : [ \"4\" ],\r\n  \"icon\" : [ \"#\" ],\r\n  \"visible\" : [ \"0\" ]\r\n}','{\r\n  \"msg\" : \"æ“ä½œæˆåŠŸ\",\r\n  \"code\" : 0\r\n}',0,NULL,'2020-06-05 15:00:02'),(134,'è§’è‰²ç®¡ç†',2,'com.ruoyi.web.controller.system.SysRoleController.editSave()','POST',1,'admin','ç ”å‘éƒ¨é—¨','/system/role/edit','127.0.0.1','å†…ç½‘IP','{\r\n  \"roleId\" : [ \"3\" ],\r\n  \"roleName\" : [ \"Blogç®¡ç†å‘˜\" ],\r\n  \"roleKey\" : [ \"blog-admin\" ],\r\n  \"roleSort\" : [ \"3\" ],\r\n  \"status\" : [ \"0\" ],\r\n  \"remark\" : [ \"ä»…ç”¨äºç®¡ç†blogåå°\" ],\r\n  \"menuIds\" : [ \"1062,1063,1064,1065,1074,1072,1073,1071,1066,1067,1068,1069,1070\" ]\r\n}','{\r\n  \"msg\" : \"æ“ä½œæˆåŠŸ\",\r\n  \"code\" : 0\r\n}',0,NULL,'2020-06-05 15:02:55'),(135,'ç”¨æˆ·ç®¡ç†',1,'com.ruoyi.web.controller.system.SysUserController.addSave()','POST',1,'admin','ç ”å‘éƒ¨é—¨','/system/user/add','127.0.0.1','å†…ç½‘IP','{\r\n  \"deptId\" : [ \"111\" ],\r\n  \"userName\" : [ \"gan\" ],\r\n  \"deptName\" : [ \"ç®¡ç†å‘˜éƒ¨\" ],\r\n  \"phonenumber\" : [ \"18000000000\" ],\r\n  \"email\" : [ \"145@qq.com\" ],\r\n  \"loginName\" : [ \"gan\" ],\r\n  \"password\" : [ \"123456\" ],\r\n  \"sex\" : [ \"0\" ],\r\n  \"role\" : [ \"3\" ],\r\n  \"remark\" : [ \"gan   123456    bolgç®¡ç†å‘˜æµ‹è¯•\" ],\r\n  \"status\" : [ \"0\" ],\r\n  \"roleIds\" : [ \"3\" ],\r\n  \"postIds\" : [ \"\" ]\r\n}','{\r\n  \"msg\" : \"æ“ä½œæˆåŠŸ\",\r\n  \"code\" : 0\r\n}',0,NULL,'2020-06-05 15:04:58'),(136,'è§’è‰²ç®¡ç†',2,'com.ruoyi.web.controller.system.SysRoleController.editSave()','POST',1,'admin','ç ”å‘éƒ¨é—¨','/system/role/edit','127.0.0.1','å†…ç½‘IP','{\r\n  \"roleId\" : [ \"3\" ],\r\n  \"roleName\" : [ \"Blogç®¡ç†å‘˜\" ],\r\n  \"roleKey\" : [ \"blog-admin\" ],\r\n  \"roleSort\" : [ \"3\" ],\r\n  \"status\" : [ \"0\" ],\r\n  \"remark\" : [ \"ä»…ç”¨äºç®¡ç†blogåå°\" ],\r\n  \"menuIds\" : [ \"1062,1063,1065,1074,1072,1073,1066,1067,1068,1069,1070\" ]\r\n}','{\r\n  \"msg\" : \"æ“ä½œæˆåŠŸ\",\r\n  \"code\" : 0\r\n}',0,NULL,'2020-06-05 15:07:05'),(137,'è§’è‰²ç®¡ç†',2,'com.ruoyi.web.controller.system.SysRoleController.editSave()','POST',1,'admin','ç ”å‘éƒ¨é—¨','/system/role/edit','127.0.0.1','å†…ç½‘IP','{\r\n  \"roleId\" : [ \"3\" ],\r\n  \"roleName\" : [ \"Blogç®¡ç†å‘˜\" ],\r\n  \"roleKey\" : [ \"blog-admin\" ],\r\n  \"roleSort\" : [ \"3\" ],\r\n  \"status\" : [ \"0\" ],\r\n  \"remark\" : [ \"ä»…ç”¨äºç®¡ç†blogåå°\" ],\r\n  \"menuIds\" : [ \"1062,1063,1064,1065,1074,1072,1073,1066,1067,1068,1069,1070\" ]\r\n}','{\r\n  \"msg\" : \"æ“ä½œæˆåŠŸ\",\r\n  \"code\" : 0\r\n}',0,NULL,'2020-06-05 15:08:31'),(138,'è§’è‰²ç®¡ç†',2,'com.ruoyi.web.controller.system.SysRoleController.editSave()','POST',1,'admin','ç ”å‘éƒ¨é—¨','/system/role/edit','127.0.0.1','å†…ç½‘IP','{\r\n  \"roleId\" : [ \"3\" ],\r\n  \"roleName\" : [ \"Blogç®¡ç†å‘˜\" ],\r\n  \"roleKey\" : [ \"blog-admin\" ],\r\n  \"roleSort\" : [ \"3\" ],\r\n  \"status\" : [ \"0\" ],\r\n  \"remark\" : [ \"ä»…ç”¨äºç®¡ç†blogåå°\" ],\r\n  \"menuIds\" : [ \"1062,1063,1064,1065,1074,1072,1073,1071,1066,1067,1068,1069,1070\" ]\r\n}','{\r\n  \"msg\" : \"æ“ä½œæˆåŠŸ\",\r\n  \"code\" : 0\r\n}',0,NULL,'2020-06-05 15:09:11'),(139,'è§’è‰²ç®¡ç†',2,'com.ruoyi.web.controller.system.SysRoleController.editSave()','POST',1,'admin','ç ”å‘éƒ¨é—¨','/system/role/edit','127.0.0.1','å†…ç½‘IP','{\r\n  \"roleId\" : [ \"3\" ],\r\n  \"roleName\" : [ \"Blogç®¡ç†å‘˜\" ],\r\n  \"roleKey\" : [ \"blog-admin\" ],\r\n  \"roleSort\" : [ \"3\" ],\r\n  \"status\" : [ \"0\" ],\r\n  \"remark\" : [ \"ä»…ç”¨äºç®¡ç†blogåå°\" ],\r\n  \"menuIds\" : [ \"1062,1063,1064,1065,1074,1072,1073,1071,1066,1067,1068,1069,1070\" ]\r\n}','{\r\n  \"msg\" : \"æ“ä½œæˆåŠŸ\",\r\n  \"code\" : 0\r\n}',0,NULL,'2020-06-05 15:09:50'),(140,'è§’è‰²ç®¡ç†',2,'com.ruoyi.web.controller.system.SysRoleController.editSave()','POST',1,'admin','ç ”å‘éƒ¨é—¨','/system/role/edit','127.0.0.1','å†…ç½‘IP','{\r\n  \"roleId\" : [ \"3\" ],\r\n  \"roleName\" : [ \"Blogç®¡ç†å‘˜\" ],\r\n  \"roleKey\" : [ \"blog-admin\" ],\r\n  \"roleSort\" : [ \"3\" ],\r\n  \"status\" : [ \"0\" ],\r\n  \"remark\" : [ \"ä»…ç”¨äºç®¡ç†blogåå°\" ],\r\n  \"menuIds\" : [ \"1062,1063,1064,1065,1074,1072,1073,1071,1066,1067,1068,1069,1070\" ]\r\n}','{\r\n  \"msg\" : \"æ“ä½œæˆåŠŸ\",\r\n  \"code\" : 0\r\n}',0,NULL,'2020-06-05 15:11:34'),(141,'èœå•ç®¡ç†',2,'com.ruoyi.web.controller.system.SysMenuController.editSave()','POST',1,'admin','ç ”å‘éƒ¨é—¨','/system/menu/edit','127.0.0.1','å†…ç½‘IP','{\r\n  \"menuId\" : [ \"1069\" ],\r\n  \"parentId\" : [ \"1062\" ],\r\n  \"menuType\" : [ \"C\" ],\r\n  \"menuName\" : [ \"åšå®¢å›æ”¶ç«™\" ],\r\n  \"url\" : [ \"blog/admin/recycle\" ],\r\n  \"target\" : [ \"menuItem\" ],\r\n  \"perms\" : [ \"blog:admin:recycle:view\" ],\r\n  \"orderNum\" : [ \"7\" ],\r\n  \"icon\" : [ \"fa fa-adjust\" ],\r\n  \"visible\" : [ \"0\" ]\r\n}','{\r\n  \"msg\" : \"æ“ä½œæˆåŠŸ\",\r\n  \"code\" : 0\r\n}',0,NULL,'2020-06-06 10:08:11'),(142,'èœå•ç®¡ç†',1,'com.ruoyi.web.controller.system.SysMenuController.addSave()','POST',1,'admin','ç ”å‘éƒ¨é—¨','/system/menu/add','127.0.0.1','å†…ç½‘IP','{\r\n  \"parentId\" : [ \"1069\" ],\r\n  \"menuType\" : [ \"F\" ],\r\n  \"menuName\" : [ \"åˆ é™¤\" ],\r\n  \"url\" : [ \"\" ],\r\n  \"target\" : [ \"menuItem\" ],\r\n  \"perms\" : [ \"blog:admin:recycle:remove\" ],\r\n  \"orderNum\" : [ \"1\" ],\r\n  \"icon\" : [ \"\" ],\r\n  \"visible\" : [ \"0\" ]\r\n}','{\r\n  \"msg\" : \"æ“ä½œæˆåŠŸ\",\r\n  \"code\" : 0\r\n}',0,NULL,'2020-06-06 10:08:37'),(143,'èœå•ç®¡ç†',1,'com.ruoyi.web.controller.system.SysMenuController.addSave()','POST',1,'admin','ç ”å‘éƒ¨é—¨','/system/menu/add','127.0.0.1','å†…ç½‘IP','{\r\n  \"parentId\" : [ \"1069\" ],\r\n  \"menuType\" : [ \"F\" ],\r\n  \"menuName\" : [ \"æ¢å¤åšå®¢\" ],\r\n  \"url\" : [ \"\" ],\r\n  \"target\" : [ \"menuItem\" ],\r\n  \"perms\" : [ \"blog:admin:recycle:recovery\" ],\r\n  \"orderNum\" : [ \"2\" ],\r\n  \"icon\" : [ \"\" ],\r\n  \"visible\" : [ \"0\" ]\r\n}','{\r\n  \"msg\" : \"æ“ä½œæˆåŠŸ\",\r\n  \"code\" : 0\r\n}',0,NULL,'2020-06-06 10:09:06'),(144,'èœå•ç®¡ç†',1,'com.ruoyi.web.controller.system.SysMenuController.addSave()','POST',1,'admin','ç ”å‘éƒ¨é—¨','/system/menu/add','127.0.0.1','å†…ç½‘IP','{\r\n  \"parentId\" : [ \"1067\" ],\r\n  \"menuType\" : [ \"F\" ],\r\n  \"menuName\" : [ \"æ–°å¢\" ],\r\n  \"url\" : [ \"\" ],\r\n  \"target\" : [ \"menuItem\" ],\r\n  \"perms\" : [ \"blog:admin:categories:add\" ],\r\n  \"orderNum\" : [ \"1\" ],\r\n  \"icon\" : [ \"\" ],\r\n  \"visible\" : [ \"0\" ]\r\n}','{\r\n  \"msg\" : \"æ“ä½œæˆåŠŸ\",\r\n  \"code\" : 0\r\n}',0,NULL,'2020-06-06 10:17:15'),(145,'èœå•ç®¡ç†',1,'com.ruoyi.web.controller.system.SysMenuController.addSave()','POST',1,'admin','ç ”å‘éƒ¨é—¨','/system/menu/add','127.0.0.1','å†…ç½‘IP','{\r\n  \"parentId\" : [ \"1067\" ],\r\n  \"menuType\" : [ \"F\" ],\r\n  \"menuName\" : [ \"ä¿®æ”¹\" ],\r\n  \"url\" : [ \"\" ],\r\n  \"target\" : [ \"menuItem\" ],\r\n  \"perms\" : [ \"blog:admin:categories:edit\" ],\r\n  \"orderNum\" : [ \"2\" ],\r\n  \"icon\" : [ \"\" ],\r\n  \"visible\" : [ \"0\" ]\r\n}','{\r\n  \"msg\" : \"æ“ä½œæˆåŠŸ\",\r\n  \"code\" : 0\r\n}',0,NULL,'2020-06-06 10:17:34'),(146,'èœå•ç®¡ç†',1,'com.ruoyi.web.controller.system.SysMenuController.addSave()','POST',1,'admin','ç ”å‘éƒ¨é—¨','/system/menu/add','127.0.0.1','å†…ç½‘IP','{\r\n  \"parentId\" : [ \"1067\" ],\r\n  \"menuType\" : [ \"F\" ],\r\n  \"menuName\" : [ \"åˆ é™¤\" ],\r\n  \"url\" : [ \"\" ],\r\n  \"target\" : [ \"menuItem\" ],\r\n  \"perms\" : [ \"blog:admin:categories:remove\" ],\r\n  \"orderNum\" : [ \"3\" ],\r\n  \"icon\" : [ \"\" ],\r\n  \"visible\" : [ \"0\" ]\r\n}','{\r\n  \"msg\" : \"æ“ä½œæˆåŠŸ\",\r\n  \"code\" : 0\r\n}',0,NULL,'2020-06-06 10:17:55'),(147,'èœå•ç®¡ç†',1,'com.ruoyi.web.controller.system.SysMenuController.addSave()','POST',1,'admin','ç ”å‘éƒ¨é—¨','/system/menu/add','127.0.0.1','å†…ç½‘IP','{\r\n  \"parentId\" : [ \"1066\" ],\r\n  \"menuType\" : [ \"F\" ],\r\n  \"menuName\" : [ \"å®¡æ ¸\" ],\r\n  \"url\" : [ \"\" ],\r\n  \"target\" : [ \"menuItem\" ],\r\n  \"perms\" : [ \"blog:admin:comments:check\" ],\r\n  \"orderNum\" : [ \"1\" ],\r\n  \"icon\" : [ \"\" ],\r\n  \"visible\" : [ \"0\" ]\r\n}','{\r\n  \"msg\" : \"æ“ä½œæˆåŠŸ\",\r\n  \"code\" : 0\r\n}',0,NULL,'2020-06-06 10:34:47'),(148,'èœå•ç®¡ç†',1,'com.ruoyi.web.controller.system.SysMenuController.addSave()','POST',1,'admin','ç ”å‘éƒ¨é—¨','/system/menu/add','127.0.0.1','å†…ç½‘IP','{\r\n  \"parentId\" : [ \"1066\" ],\r\n  \"menuType\" : [ \"F\" ],\r\n  \"menuName\" : [ \"å›å¤\" ],\r\n  \"url\" : [ \"\" ],\r\n  \"target\" : [ \"menuItem\" ],\r\n  \"perms\" : [ \"blog:admin:comments:reply\" ],\r\n  \"orderNum\" : [ \"2\" ],\r\n  \"icon\" : [ \"\" ],\r\n  \"visible\" : [ \"0\" ]\r\n}','{\r\n  \"msg\" : \"æ“ä½œæˆåŠŸ\",\r\n  \"code\" : 0\r\n}',0,NULL,'2020-06-06 10:35:08'),(149,'èœå•ç®¡ç†',1,'com.ruoyi.web.controller.system.SysMenuController.addSave()','POST',1,'admin','ç ”å‘éƒ¨é—¨','/system/menu/add','127.0.0.1','å†…ç½‘IP','{\r\n  \"parentId\" : [ \"1066\" ],\r\n  \"menuType\" : [ \"F\" ],\r\n  \"menuName\" : [ \"åˆ é™¤\" ],\r\n  \"url\" : [ \"\" ],\r\n  \"target\" : [ \"menuItem\" ],\r\n  \"perms\" : [ \"blog:admin:comments:remove\" ],\r\n  \"orderNum\" : [ \"3\" ],\r\n  \"icon\" : [ \"\" ],\r\n  \"visible\" : [ \"0\" ]\r\n}','{\r\n  \"msg\" : \"æ“ä½œæˆåŠŸ\",\r\n  \"code\" : 0\r\n}',0,NULL,'2020-06-06 10:35:29'),(150,'èœå•ç®¡ç†',1,'com.ruoyi.web.controller.system.SysMenuController.addSave()','POST',1,'admin','ç ”å‘éƒ¨é—¨','/system/menu/add','127.0.0.1','å†…ç½‘IP','{\r\n  \"parentId\" : [ \"1068\" ],\r\n  \"menuType\" : [ \"F\" ],\r\n  \"menuName\" : [ \"ä¿å­˜/æ–°å¢\" ],\r\n  \"url\" : [ \"\" ],\r\n  \"target\" : [ \"menuItem\" ],\r\n  \"perms\" : [ \"blog:admin:tags:add\" ],\r\n  \"orderNum\" : [ \"1\" ],\r\n  \"icon\" : [ \"\" ],\r\n  \"visible\" : [ \"0\" ]\r\n}','{\r\n  \"msg\" : \"æ“ä½œæˆåŠŸ\",\r\n  \"code\" : 0\r\n}',0,NULL,'2020-06-06 10:42:37'),(151,'èœå•ç®¡ç†',1,'com.ruoyi.web.controller.system.SysMenuController.addSave()','POST',1,'admin','ç ”å‘éƒ¨é—¨','/system/menu/add','127.0.0.1','å†…ç½‘IP','{\r\n  \"parentId\" : [ \"1068\" ],\r\n  \"menuType\" : [ \"F\" ],\r\n  \"menuName\" : [ \"åˆ é™¤\" ],\r\n  \"url\" : [ \"\" ],\r\n  \"target\" : [ \"menuItem\" ],\r\n  \"perms\" : [ \"blog:admin:tags:remove\" ],\r\n  \"orderNum\" : [ \"2\" ],\r\n  \"icon\" : [ \"\" ],\r\n  \"visible\" : [ \"0\" ]\r\n}','{\r\n  \"msg\" : \"æ“ä½œæˆåŠŸ\",\r\n  \"code\" : 0\r\n}',0,NULL,'2020-06-06 10:42:59'),(152,'èœå•ç®¡ç†',2,'com.ruoyi.web.controller.system.SysMenuController.editSave()','POST',1,'admin','ç ”å‘éƒ¨é—¨','/system/menu/edit','127.0.0.1','å†…ç½‘IP','{\r\n  \"menuId\" : [ \"1062\" ],\r\n  \"parentId\" : [ \"0\" ],\r\n  \"menuType\" : [ \"M\" ],\r\n  \"menuName\" : [ \"Blogåå°ç®¡ç†\" ],\r\n  \"url\" : [ \"#\" ],\r\n  \"target\" : [ \"menuItem\" ],\r\n  \"perms\" : [ \"\" ],\r\n  \"orderNum\" : [ \"4\" ],\r\n  \"icon\" : [ \"fa fa-file-code-o\" ],\r\n  \"visible\" : [ \"0\" ]\r\n}','{\r\n  \"msg\" : \"æ“ä½œæˆåŠŸ\",\r\n  \"code\" : 0\r\n}',0,NULL,'2020-06-08 17:03:13'),(153,'èœå•ç®¡ç†',2,'com.ruoyi.web.controller.system.SysMenuController.editSave()','POST',1,'admin','ç ”å‘éƒ¨é—¨','/system/menu/edit','127.0.0.1','å†…ç½‘IP','{\r\n  \"menuId\" : [ \"1063\" ],\r\n  \"parentId\" : [ \"1062\" ],\r\n  \"menuType\" : [ \"C\" ],\r\n  \"menuName\" : [ \"Dashboard\" ],\r\n  \"url\" : [ \"/blog/admin/dash\" ],\r\n  \"target\" : [ \"menuItem\" ],\r\n  \"perms\" : [ \"blog:admin:dash:view\" ],\r\n  \"orderNum\" : [ \"1\" ],\r\n  \"icon\" : [ \"\" ],\r\n  \"visible\" : [ \"0\" ]\r\n}','{\r\n  \"msg\" : \"æ“ä½œæˆåŠŸ\",\r\n  \"code\" : 0\r\n}',0,NULL,'2020-06-08 17:03:47'),(154,'èœå•ç®¡ç†',2,'com.ruoyi.web.controller.system.SysMenuController.editSave()','POST',1,'admin','ç ”å‘éƒ¨é—¨','/system/menu/edit','127.0.0.1','å†…ç½‘IP','{\r\n  \"menuId\" : [ \"1063\" ],\r\n  \"parentId\" : [ \"1062\" ],\r\n  \"menuType\" : [ \"C\" ],\r\n  \"menuName\" : [ \"Dashboard\" ],\r\n  \"url\" : [ \"/blog/admin/dash\" ],\r\n  \"target\" : [ \"menuItem\" ],\r\n  \"perms\" : [ \"blog:admin:dash:view\" ],\r\n  \"orderNum\" : [ \"1\" ],\r\n  \"icon\" : [ \"\" ],\r\n  \"visible\" : [ \"0\" ]\r\n}','{\r\n  \"msg\" : \"æ“ä½œæˆåŠŸ\",\r\n  \"code\" : 0\r\n}',0,NULL,'2020-06-08 17:03:57'),(155,'èœå•ç®¡ç†',2,'com.ruoyi.web.controller.system.SysMenuController.editSave()','POST',1,'admin','ç ”å‘éƒ¨é—¨','/system/menu/edit','127.0.0.1','å†…ç½‘IP','{\r\n  \"menuId\" : [ \"1063\" ],\r\n  \"parentId\" : [ \"1062\" ],\r\n  \"menuType\" : [ \"C\" ],\r\n  \"menuName\" : [ \"Dashboard\" ],\r\n  \"url\" : [ \"/blog/admin/dash\" ],\r\n  \"target\" : [ \"menuItem\" ],\r\n  \"perms\" : [ \"blog:admin:dash:view\" ],\r\n  \"orderNum\" : [ \"1\" ],\r\n  \"icon\" : [ \"#\" ],\r\n  \"visible\" : [ \"0\" ]\r\n}','{\r\n  \"msg\" : \"æ“ä½œæˆåŠŸ\",\r\n  \"code\" : 0\r\n}',0,NULL,'2020-06-08 17:04:10'),(156,'èœå•ç®¡ç†',2,'com.ruoyi.web.controller.system.SysMenuController.editSave()','POST',1,'admin','ç ”å‘éƒ¨é—¨','/system/menu/edit','127.0.0.1','å†…ç½‘IP','{\r\n  \"menuId\" : [ \"1064\" ],\r\n  \"parentId\" : [ \"1062\" ],\r\n  \"menuType\" : [ \"C\" ],\r\n  \"menuName\" : [ \"å‘å¸ƒåšå®¢\" ],\r\n  \"url\" : [ \"/blog/admin/edit\" ],\r\n  \"target\" : [ \"menuItem\" ],\r\n  \"perms\" : [ \"blog:admin:blogs:add\" ],\r\n  \"orderNum\" : [ \"2\" ],\r\n  \"icon\" : [ \"#\" ],\r\n  \"visible\" : [ \"0\" ]\r\n}','{\r\n  \"msg\" : \"æ“ä½œæˆåŠŸ\",\r\n  \"code\" : 0\r\n}',0,NULL,'2020-06-08 17:04:16'),(157,'èœå•ç®¡ç†',2,'com.ruoyi.web.controller.system.SysMenuController.editSave()','POST',1,'admin','ç ”å‘éƒ¨é—¨','/system/menu/edit','127.0.0.1','å†…ç½‘IP','{\r\n  \"menuId\" : [ \"1065\" ],\r\n  \"parentId\" : [ \"1062\" ],\r\n  \"menuType\" : [ \"C\" ],\r\n  \"menuName\" : [ \"åšå®¢ç®¡ç†\" ],\r\n  \"url\" : [ \"blog/admin/blogs\" ],\r\n  \"target\" : [ \"menuItem\" ],\r\n  \"perms\" : [ \"blog:admin:blogs:view\" ],\r\n  \"orderNum\" : [ \"3\" ],\r\n  \"icon\" : [ \"#\" ],\r\n  \"visible\" : [ \"0\" ]\r\n}','{\r\n  \"msg\" : \"æ“ä½œæˆåŠŸ\",\r\n  \"code\" : 0\r\n}',0,NULL,'2020-06-08 17:04:28'),(158,'èœå•ç®¡ç†',2,'com.ruoyi.web.controller.system.SysMenuController.editSave()','POST',1,'admin','ç ”å‘éƒ¨é—¨','/system/menu/edit','127.0.0.1','å†…ç½‘IP','{\r\n  \"menuId\" : [ \"1066\" ],\r\n  \"parentId\" : [ \"1062\" ],\r\n  \"menuType\" : [ \"C\" ],\r\n  \"menuName\" : [ \"è¯„è®ºç®¡ç†\" ],\r\n  \"url\" : [ \"blog/admin/comments\" ],\r\n  \"target\" : [ \"menuItem\" ],\r\n  \"perms\" : [ \"blog:admin:comments:view\" ],\r\n  \"orderNum\" : [ \"4\" ],\r\n  \"icon\" : [ \"#\" ],\r\n  \"visible\" : [ \"0\" ]\r\n}','{\r\n  \"msg\" : \"æ“ä½œæˆåŠŸ\",\r\n  \"code\" : 0\r\n}',0,NULL,'2020-06-08 17:04:41'),(159,'èœå•ç®¡ç†',2,'com.ruoyi.web.controller.system.SysMenuController.editSave()','POST',1,'admin','ç ”å‘éƒ¨é—¨','/system/menu/edit','127.0.0.1','å†…ç½‘IP','{\r\n  \"menuId\" : [ \"1067\" ],\r\n  \"parentId\" : [ \"1062\" ],\r\n  \"menuType\" : [ \"C\" ],\r\n  \"menuName\" : [ \"åˆ†ç±»ç®¡ç†\" ],\r\n  \"url\" : [ \"blog/admin/categories\" ],\r\n  \"target\" : [ \"menuItem\" ],\r\n  \"perms\" : [ \"blog:admin:categories:view\" ],\r\n  \"orderNum\" : [ \"5\" ],\r\n  \"icon\" : [ \"#\" ],\r\n  \"visible\" : [ \"0\" ]\r\n}','{\r\n  \"msg\" : \"æ“ä½œæˆåŠŸ\",\r\n  \"code\" : 0\r\n}',0,NULL,'2020-06-08 17:04:49'),(160,'èœå•ç®¡ç†',2,'com.ruoyi.web.controller.system.SysMenuController.editSave()','POST',1,'admin','ç ”å‘éƒ¨é—¨','/system/menu/edit','127.0.0.1','å†…ç½‘IP','{\r\n  \"menuId\" : [ \"1068\" ],\r\n  \"parentId\" : [ \"1062\" ],\r\n  \"menuType\" : [ \"C\" ],\r\n  \"menuName\" : [ \"æ ‡ç­¾ç®¡ç†\" ],\r\n  \"url\" : [ \"/blog/admin/tags\" ],\r\n  \"target\" : [ \"menuItem\" ],\r\n  \"perms\" : [ \"blog:admin:tags:view\" ],\r\n  \"orderNum\" : [ \"6\" ],\r\n  \"icon\" : [ \"#\" ],\r\n  \"visible\" : [ \"0\" ]\r\n}','{\r\n  \"msg\" : \"æ“ä½œæˆåŠŸ\",\r\n  \"code\" : 0\r\n}',0,NULL,'2020-06-08 17:04:55'),(161,'èœå•ç®¡ç†',2,'com.ruoyi.web.controller.system.SysMenuController.editSave()','POST',1,'admin','ç ”å‘éƒ¨é—¨','/system/menu/edit','127.0.0.1','å†…ç½‘IP','{\r\n  \"menuId\" : [ \"1069\" ],\r\n  \"parentId\" : [ \"1062\" ],\r\n  \"menuType\" : [ \"C\" ],\r\n  \"menuName\" : [ \"åšå®¢å›æ”¶ç«™\" ],\r\n  \"url\" : [ \"blog/admin/recycle\" ],\r\n  \"target\" : [ \"menuItem\" ],\r\n  \"perms\" : [ \"blog:admin:recycle:view\" ],\r\n  \"orderNum\" : [ \"7\" ],\r\n  \"icon\" : [ \"#\" ],\r\n  \"visible\" : [ \"0\" ]\r\n}','{\r\n  \"msg\" : \"æ“ä½œæˆåŠŸ\",\r\n  \"code\" : 0\r\n}',0,NULL,'2020-06-08 17:05:01'),(162,'èœå•ç®¡ç†',2,'com.ruoyi.web.controller.system.SysMenuController.editSave()','POST',1,'admin','ç ”å‘éƒ¨é—¨','/system/menu/edit','127.0.0.1','å†…ç½‘IP','{\r\n  \"menuId\" : [ \"1070\" ],\r\n  \"parentId\" : [ \"1062\" ],\r\n  \"menuType\" : [ \"C\" ],\r\n  \"menuName\" : [ \"åšå®¢ç³»ç»Ÿé…ç½®\" ],\r\n  \"url\" : [ \"/blog/admin/config\" ],\r\n  \"target\" : [ \"menuItem\" ],\r\n  \"perms\" : [ \"blog:admin:config:view\" ],\r\n  \"orderNum\" : [ \"7\" ],\r\n  \"icon\" : [ \"#\" ],\r\n  \"visible\" : [ \"0\" ]\r\n}','{\r\n  \"msg\" : \"æ“ä½œæˆåŠŸ\",\r\n  \"code\" : 0\r\n}',0,NULL,'2020-06-08 17:05:06'),(163,'èœå•ç®¡ç†',2,'com.ruoyi.web.controller.system.SysMenuController.editSave()','POST',1,'admin','ç ”å‘éƒ¨é—¨','/system/menu/edit','127.0.0.1','å†…ç½‘IP','{\r\n  \"menuId\" : [ \"1063\" ],\r\n  \"parentId\" : [ \"1062\" ],\r\n  \"menuType\" : [ \"C\" ],\r\n  \"menuName\" : [ \"ä»ªè¡¨ç›˜\" ],\r\n  \"url\" : [ \"/blog/admin/dash\" ],\r\n  \"target\" : [ \"menuItem\" ],\r\n  \"perms\" : [ \"blog:admin:dash:view\" ],\r\n  \"orderNum\" : [ \"1\" ],\r\n  \"icon\" : [ \"#\" ],\r\n  \"visible\" : [ \"0\" ]\r\n}','{\r\n  \"msg\" : \"æ“ä½œæˆåŠŸ\",\r\n  \"code\" : 0\r\n}',0,NULL,'2020-06-08 17:06:16');

/*Table structure for table `sys_post` */

DROP TABLE IF EXISTS `sys_post`;

CREATE TABLE `sys_post` (
  `post_id` bigint(20) NOT NULL AUTO_INCREMENT COMMENT 'å²—ä½ID',
  `post_code` varchar(64) NOT NULL COMMENT 'å²—ä½ç¼–ç ',
  `post_name` varchar(50) NOT NULL COMMENT 'å²—ä½åç§°',
  `post_sort` int(4) NOT NULL COMMENT 'æ˜¾ç¤ºé¡ºåº',
  `status` char(1) NOT NULL COMMENT 'çŠ¶æ€ï¼ˆ0æ­£å¸¸ 1åœç”¨ï¼‰',
  `create_by` varchar(64) DEFAULT '' COMMENT 'åˆ›å»ºè€…',
  `create_time` datetime DEFAULT NULL COMMENT 'åˆ›å»ºæ—¶é—´',
  `update_by` varchar(64) DEFAULT '' COMMENT 'æ›´æ–°è€…',
  `update_time` datetime DEFAULT NULL COMMENT 'æ›´æ–°æ—¶é—´',
  `remark` varchar(500) DEFAULT NULL COMMENT 'å¤‡æ³¨',
  PRIMARY KEY (`post_id`)
) ENGINE=InnoDB AUTO_INCREMENT=5 DEFAULT CHARSET=utf8 COMMENT='å²—ä½ä¿¡æ¯è¡¨';

/*Data for the table `sys_post` */

insert  into `sys_post`(`post_id`,`post_code`,`post_name`,`post_sort`,`status`,`create_by`,`create_time`,`update_by`,`update_time`,`remark`) values (1,'ceo','è‘£äº‹é•¿',1,'0','admin','2018-03-16 11:33:00','ry','2018-03-16 11:33:00',''),(2,'se','é¡¹ç›®ç»ç†',2,'0','admin','2018-03-16 11:33:00','ry','2018-03-16 11:33:00',''),(3,'hr','äººåŠ›èµ„æº',3,'0','admin','2018-03-16 11:33:00','ry','2018-03-16 11:33:00',''),(4,'user','æ™®é€šå‘˜å·¥',4,'0','admin','2018-03-16 11:33:00','ry','2018-03-16 11:33:00','');

/*Table structure for table `sys_role` */

DROP TABLE IF EXISTS `sys_role`;

CREATE TABLE `sys_role` (
  `role_id` bigint(20) NOT NULL AUTO_INCREMENT COMMENT 'è§’è‰²ID',
  `role_name` varchar(30) NOT NULL COMMENT 'è§’è‰²åç§°',
  `role_key` varchar(100) NOT NULL COMMENT 'è§’è‰²æƒé™å­—ç¬¦ä¸²',
  `role_sort` int(4) NOT NULL COMMENT 'æ˜¾ç¤ºé¡ºåº',
  `data_scope` char(1) DEFAULT '1' COMMENT 'æ•°æ®èŒƒå›´ï¼ˆ1ï¼šå…¨éƒ¨æ•°æ®æƒé™ 2ï¼šè‡ªå®šæ•°æ®æƒé™ 3ï¼šæœ¬éƒ¨é—¨æ•°æ®æƒé™ 4ï¼šæœ¬éƒ¨é—¨åŠä»¥ä¸‹æ•°æ®æƒé™ï¼‰',
  `status` char(1) NOT NULL COMMENT 'è§’è‰²çŠ¶æ€ï¼ˆ0æ­£å¸¸ 1åœç”¨ï¼‰',
  `del_flag` char(1) DEFAULT '0' COMMENT 'åˆ é™¤æ ‡å¿—ï¼ˆ0ä»£è¡¨å­˜åœ¨ 2ä»£è¡¨åˆ é™¤ï¼‰',
  `create_by` varchar(64) DEFAULT '' COMMENT 'åˆ›å»ºè€…',
  `create_time` datetime DEFAULT NULL COMMENT 'åˆ›å»ºæ—¶é—´',
  `update_by` varchar(64) DEFAULT '' COMMENT 'æ›´æ–°è€…',
  `update_time` datetime DEFAULT NULL COMMENT 'æ›´æ–°æ—¶é—´',
  `remark` varchar(500) DEFAULT NULL COMMENT 'å¤‡æ³¨',
  PRIMARY KEY (`role_id`)
) ENGINE=InnoDB AUTO_INCREMENT=4 DEFAULT CHARSET=utf8 COMMENT='è§’è‰²ä¿¡æ¯è¡¨';

/*Data for the table `sys_role` */

insert  into `sys_role`(`role_id`,`role_name`,`role_key`,`role_sort`,`data_scope`,`status`,`del_flag`,`create_by`,`create_time`,`update_by`,`update_time`,`remark`) values (1,'ç®¡ç†å‘˜','admin',1,'1','0','0','admin','2018-03-16 11:33:00','ry','2018-03-16 11:33:00','ç®¡ç†å‘˜'),(2,'æ™®é€šè§’è‰²','common',2,'2','0','0','admin','2018-03-16 11:33:00','ry','2018-03-16 11:33:00','æ™®é€šè§’è‰²'),(3,'Blogç®¡ç†å‘˜','blog-admin',3,'1','0','0','admin','2020-06-04 09:59:24','admin','2020-06-05 15:11:34','ä»…ç”¨äºç®¡ç†blogåå°');

/*Table structure for table `sys_role_dept` */

DROP TABLE IF EXISTS `sys_role_dept`;

CREATE TABLE `sys_role_dept` (
  `role_id` bigint(20) NOT NULL COMMENT 'è§’è‰²ID',
  `dept_id` bigint(20) NOT NULL COMMENT 'éƒ¨é—¨ID',
  PRIMARY KEY (`role_id`,`dept_id`)
) ENGINE=InnoDB DEFAULT CHARSET=utf8 COMMENT='è§’è‰²å’Œéƒ¨é—¨å…³è”è¡¨';

/*Data for the table `sys_role_dept` */

insert  into `sys_role_dept`(`role_id`,`dept_id`) values (2,100),(2,101),(2,105);

/*Table structure for table `sys_role_menu` */

DROP TABLE IF EXISTS `sys_role_menu`;

CREATE TABLE `sys_role_menu` (
  `role_id` bigint(20) NOT NULL COMMENT 'è§’è‰²ID',
  `menu_id` bigint(20) NOT NULL COMMENT 'èœå•ID',
  PRIMARY KEY (`role_id`,`menu_id`)
) ENGINE=InnoDB DEFAULT CHARSET=utf8 COMMENT='è§’è‰²å’Œèœå•å…³è”è¡¨';

/*Data for the table `sys_role_menu` */

insert  into `sys_role_menu`(`role_id`,`menu_id`) values (2,1),(2,2),(2,3),(2,100),(2,101),(2,102),(2,103),(2,104),(2,105),(2,106),(2,107),(2,108),(2,109),(2,110),(2,111),(2,112),(2,113),(2,114),(2,115),(2,500),(2,501),(2,1000),(2,1001),(2,1002),(2,1003),(2,1004),(2,1005),(2,1006),(2,1007),(2,1008),(2,1009),(2,1010),(2,1011),(2,1012),(2,1013),(2,1014),(2,1015),(2,1016),(2,1017),(2,1018),(2,1019),(2,1020),(2,1021),(2,1022),(2,1023),(2,1024),(2,1025),(2,1026),(2,1027),(2,1028),(2,1029),(2,1030),(2,1031),(2,1032),(2,1033),(2,1034),(2,1035),(2,1036),(2,1037),(2,1038),(2,1039),(2,1040),(2,1041),(2,1042),(2,1043),(2,1044),(2,1045),(2,1046),(2,1047),(2,1048),(2,1049),(2,1050),(2,1051),(2,1052),(2,1053),(2,1054),(2,1055),(2,1056),(2,1057),(2,1058),(2,1059),(2,1060),(2,1061),(3,1062),(3,1063),(3,1064),(3,1065),(3,1066),(3,1067),(3,1068),(3,1069),(3,1070),(3,1071),(3,1072),(3,1073),(3,1074);

/*Table structure for table `sys_user` */

DROP TABLE IF EXISTS `sys_user`;

CREATE TABLE `sys_user` (
  `user_id` bigint(20) NOT NULL AUTO_INCREMENT COMMENT 'ç”¨æˆ·ID',
  `dept_id` bigint(20) DEFAULT NULL COMMENT 'éƒ¨é—¨ID',
  `login_name` varchar(30) NOT NULL COMMENT 'ç™»å½•è´¦å·',
  `user_name` varchar(30) DEFAULT '' COMMENT 'ç”¨æˆ·æ˜µç§°',
  `user_type` varchar(2) DEFAULT '00' COMMENT 'ç”¨æˆ·ç±»å‹ï¼ˆ00ç³»ç»Ÿç”¨æˆ· 01æ³¨å†Œç”¨æˆ·ï¼‰',
  `email` varchar(50) DEFAULT '' COMMENT 'ç”¨æˆ·é‚®ç®±',
  `phonenumber` varchar(11) DEFAULT '' COMMENT 'æ‰‹æœºå·ç ',
  `sex` char(1) DEFAULT '0' COMMENT 'ç”¨æˆ·æ€§åˆ«ï¼ˆ0ç”· 1å¥³ 2æœªçŸ¥ï¼‰',
  `avatar` varchar(100) DEFAULT '' COMMENT 'å¤´åƒè·¯å¾„',
  `password` varchar(50) DEFAULT '' COMMENT 'å¯†ç ',
  `salt` varchar(20) DEFAULT '' COMMENT 'ç›åŠ å¯†',
  `status` char(1) DEFAULT '0' COMMENT 'å¸å·çŠ¶æ€ï¼ˆ0æ­£å¸¸ 1åœç”¨ï¼‰',
  `del_flag` char(1) DEFAULT '0' COMMENT 'åˆ é™¤æ ‡å¿—ï¼ˆ0ä»£è¡¨å­˜åœ¨ 2ä»£è¡¨åˆ é™¤ï¼‰',
  `login_ip` varchar(50) DEFAULT '' COMMENT 'æœ€åç™»é™†IP',
  `login_date` datetime DEFAULT NULL COMMENT 'æœ€åç™»é™†æ—¶é—´',
  `create_by` varchar(64) DEFAULT '' COMMENT 'åˆ›å»ºè€…',
  `create_time` datetime DEFAULT NULL COMMENT 'åˆ›å»ºæ—¶é—´',
  `update_by` varchar(64) DEFAULT '' COMMENT 'æ›´æ–°è€…',
  `update_time` datetime DEFAULT NULL COMMENT 'æ›´æ–°æ—¶é—´',
  `remark` varchar(500) DEFAULT NULL COMMENT 'å¤‡æ³¨',
  PRIMARY KEY (`user_id`)
) ENGINE=InnoDB AUTO_INCREMENT=4 DEFAULT CHARSET=utf8 COMMENT='ç”¨æˆ·ä¿¡æ¯è¡¨';

/*Data for the table `sys_user` */

insert  into `sys_user`(`user_id`,`dept_id`,`login_name`,`user_name`,`user_type`,`email`,`phonenumber`,`sex`,`avatar`,`password`,`salt`,`status`,`del_flag`,`login_ip`,`login_date`,`create_by`,`create_time`,`update_by`,`update_time`,`remark`) values (1,103,'admin','è‹¥ä¾','00','ry@163.com','15888888888','1','','29c67a30398638269fe600f73a054934','111111','0','0','127.0.0.1','2020-06-05 17:22:37','admin','2018-03-16 11:33:00','ry','2020-06-05 17:22:37','ç®¡ç†å‘˜'),(2,105,'ry','è‹¥ä¾','00','ry@qq.com','15666666666','1','','8e6d98b90472783cc73c17047ddccf36','222222','0','0','127.0.0.1','2018-03-16 11:33:00','admin','2018-03-16 11:33:00','ry','2018-03-16 11:33:00','æµ‹è¯•å‘˜'),(3,111,'gan','gan','00','145@qq.com','18000000000','0','','d484b3193ade8245cdf89b73cdd656c2','94ff52','0','0','127.0.0.1','2020-06-05 15:12:51','admin','2020-06-05 15:04:57','','2020-06-05 15:12:50','gan   123456    bolgç®¡ç†å‘˜æµ‹è¯•');

/*Table structure for table `sys_user_online` */

DROP TABLE IF EXISTS `sys_user_online`;

CREATE TABLE `sys_user_online` (
  `sessionId` varchar(50) NOT NULL DEFAULT '' COMMENT 'ç”¨æˆ·ä¼šè¯id',
  `login_name` varchar(50) DEFAULT '' COMMENT 'ç™»å½•è´¦å·',
  `dept_name` varchar(50) DEFAULT '' COMMENT 'éƒ¨é—¨åç§°',
  `ipaddr` varchar(50) DEFAULT '' COMMENT 'ç™»å½•IPåœ°å€',
  `login_location` varchar(255) DEFAULT '' COMMENT 'ç™»å½•åœ°ç‚¹',
  `browser` varchar(50) DEFAULT '' COMMENT 'æµè§ˆå™¨ç±»å‹',
  `os` varchar(50) DEFAULT '' COMMENT 'æ“ä½œç³»ç»Ÿ',
  `status` varchar(10) DEFAULT '' COMMENT 'åœ¨çº¿çŠ¶æ€on_lineåœ¨çº¿off_lineç¦»çº¿',
  `start_timestamp` datetime DEFAULT NULL COMMENT 'sessionåˆ›å»ºæ—¶é—´',
  `last_access_time` datetime DEFAULT NULL COMMENT 'sessionæœ€åè®¿é—®æ—¶é—´',
  `expire_time` int(5) DEFAULT '0' COMMENT 'è¶…æ—¶æ—¶é—´ï¼Œå•ä½ä¸ºåˆ†é’Ÿ',
  PRIMARY KEY (`sessionId`)
) ENGINE=InnoDB DEFAULT CHARSET=utf8 COMMENT='åœ¨çº¿ç”¨æˆ·è®°å½•';

/*Data for the table `sys_user_online` */

insert  into `sys_user_online`(`sessionId`,`login_name`,`dept_name`,`ipaddr`,`login_location`,`browser`,`os`,`status`,`start_timestamp`,`last_access_time`,`expire_time`) values ('032cb951-6820-470e-86a8-5999ca5de25c','admin','ç ”å‘éƒ¨é—¨','127.0.0.1','å†…ç½‘IP','Chrome 8','Windows 10','on_line','2020-06-10 14:26:42','2020-06-10 14:26:42',1800000),('0f8b69f5-f9b2-4740-92bc-654d9f863b84','admin','ç ”å‘éƒ¨é—¨','127.0.0.1','å†…ç½‘IP','Chrome 8','Windows 10','on_line','2020-06-10 14:26:43','2020-06-10 14:26:43',1800000),('1bebf09c-2859-4893-a25a-0cbe9fa82b2a','admin','ç ”å‘éƒ¨é—¨','127.0.0.1','å†…ç½‘IP','Chrome 8','Windows 10','on_line','2020-06-10 14:25:35','2020-06-10 14:25:35',1800000),('1ec726ec-06e8-40dd-b3a0-ef6904470cd1','admin','ç ”å‘éƒ¨é—¨','127.0.0.1','å†…ç½‘IP','Chrome 8','Windows 10','on_line','2020-06-10 14:33:38','2020-06-10 14:36:35',1800000),('2cfc160a-e020-4645-a150-ea6a9b529b49','admin','ç ”å‘éƒ¨é—¨','127.0.0.1','å†…ç½‘IP','Chrome 8','Windows 10','on_line','2020-06-10 14:40:43','2020-06-10 14:42:39',1800000),('33ce36b8-546d-41a9-ba10-fe6907bfbd9f','admin','ç ”å‘éƒ¨é—¨','127.0.0.1','å†…ç½‘IP','Chrome 8','Windows 10','on_line','2020-06-10 14:23:34','2020-06-10 14:24:38',1800000),('470ec641-05d6-4304-94f0-931ba816b168','admin','ç ”å‘éƒ¨é—¨','127.0.0.1','å†…ç½‘IP','Chrome 8','Windows 10','on_line','2020-06-10 14:25:32','2020-06-10 14:25:32',1800000),('4888ba93-4e8d-450d-b14d-957f0b04c858','admin','ç ”å‘éƒ¨é—¨','127.0.0.1','å†…ç½‘IP','Chrome 8','Windows 10','on_line','2020-06-10 14:44:09','2020-06-10 14:44:09',1800000),('4c1d6529-b1c3-4294-8464-717b97691b40','admin','ç ”å‘éƒ¨é—¨','127.0.0.1','å†…ç½‘IP','Chrome 8','Windows 10','on_line','2020-06-10 14:40:25','2020-06-10 14:40:25',1800000),('53dd28e6-e3ef-4c82-aa5e-fadc696ae141','admin','ç ”å‘éƒ¨é—¨','127.0.0.1','å†…ç½‘IP','Chrome 8','Windows 10','on_line','2020-06-10 14:30:07','2020-06-10 14:30:07',1800000),('564900af-b5b2-4438-9d01-e28dbab95e94','admin','ç ”å‘éƒ¨é—¨','127.0.0.1','å†…ç½‘IP','Chrome 8','Windows 10','on_line','2020-06-10 14:26:00','2020-06-10 14:26:00',1800000),('5c4cb770-15fe-4558-8254-d5a501308812','admin','ç ”å‘éƒ¨é—¨','127.0.0.1','å†…ç½‘IP','Chrome 8','Windows 10','on_line','2020-06-10 14:47:06','2020-06-10 14:47:06',1800000),('61fc917b-15f0-4b2f-96fd-edde82914f9c','admin','ç ”å‘éƒ¨é—¨','127.0.0.1','å†…ç½‘IP','Chrome 8','Windows 10','on_line','2020-06-10 14:29:08','2020-06-10 14:29:08',1800000),('64527c61-e3c8-4e58-89c5-40e5068b04c0','admin','ç ”å‘éƒ¨é—¨','127.0.0.1','å†…ç½‘IP','Chrome 8','Windows 10','on_line','2020-06-10 14:58:11','2020-06-10 14:58:11',1800000),('67c00f5b-1eee-445d-850b-36e32005fdf4','admin','ç ”å‘éƒ¨é—¨','127.0.0.1','å†…ç½‘IP','Chrome 8','Windows 10','on_line','2020-06-10 14:28:33','2020-06-10 14:28:33',1800000),('6c1ad086-40f3-4bef-b56c-e01566cfa58f','admin','ç ”å‘éƒ¨é—¨','127.0.0.1','å†…ç½‘IP','Chrome 8','Windows 10','on_line','2020-06-10 14:26:44','2020-06-10 14:26:44',1800000),('72ad6907-044e-4a8a-b9e7-e7bc9cf56ec2','admin','ç ”å‘éƒ¨é—¨','127.0.0.1','å†…ç½‘IP','Chrome 8','Windows 10','on_line','2020-06-10 14:26:44','2020-06-10 14:26:44',1800000),('73b7d837-aa22-4172-acad-764218e47e4c','admin','ç ”å‘éƒ¨é—¨','127.0.0.1','å†…ç½‘IP','Chrome 8','Windows 10','on_line','2020-06-10 14:47:06','2020-06-10 14:47:06',1800000),('816895e2-9a87-41a2-9640-f6f386972353','admin','ç ”å‘éƒ¨é—¨','127.0.0.1','å†…ç½‘IP','Chrome 8','Windows 10','on_line','2020-06-10 14:29:08','2020-06-10 14:29:08',1800000),('84859b96-0a70-4974-b281-948dc67fea3e','admin','ç ”å‘éƒ¨é—¨','127.0.0.1','å†…ç½‘IP','Chrome 8','Windows 10','on_line','2020-06-10 14:47:06','2020-06-10 14:47:06',1800000),('899d082d-2954-4e3d-a501-8b7123b3b13c','admin','ç ”å‘éƒ¨é—¨','127.0.0.1','å†…ç½‘IP','Chrome 8','Windows 10','on_line','2020-06-10 14:58:43','2020-06-10 14:58:43',1800000),('908df4a2-da24-40ae-a6f7-a0bb3b3f7b82','admin','ç ”å‘éƒ¨é—¨','127.0.0.1','å†…ç½‘IP','Chrome 8','Windows 10','on_line','2020-06-10 14:30:04','2020-06-10 14:30:04',1800000),('98251a5f-0342-478a-a5dd-a07be30412a4','admin','ç ”å‘éƒ¨é—¨','127.0.0.1','å†…ç½‘IP','Chrome 8','Windows 10','on_line','2020-06-10 14:57:42','2020-06-10 14:57:42',1800000),('a4dba1ee-a824-42db-b412-79f7d274e2ac','admin','ç ”å‘éƒ¨é—¨','127.0.0.1','å†…ç½‘IP','Chrome 8','Windows 10','on_line','2020-06-10 14:29:10','2020-06-10 14:29:10',1800000),('a8f7ada0-eace-4173-9ba2-e0437be97223','admin','ç ”å‘éƒ¨é—¨','127.0.0.1','å†…ç½‘IP','Chrome 8','Windows 10','on_line','2020-06-10 14:29:35','2020-06-10 14:29:35',1800000),('a943bd57-6ef6-41bf-bad2-2b9328a2fd42','admin','ç ”å‘éƒ¨é—¨','127.0.0.1','å†…ç½‘IP','Chrome 8','Windows 10','on_line','2020-06-10 14:25:32','2020-06-10 14:25:32',1800000),('ada62138-84bc-431c-b8ee-6abba4d30631','admin','ç ”å‘éƒ¨é—¨','127.0.0.1','å†…ç½‘IP','Chrome 8','Windows 10','on_line','2020-06-10 14:29:08','2020-06-10 14:29:08',1800000),('ae6cd554-3093-45d4-9c07-659a36d406f9','admin','ç ”å‘éƒ¨é—¨','127.0.0.1','å†…ç½‘IP','Chrome 8','Windows 10','on_line','2020-06-10 14:43:03','2020-06-10 14:43:03',1800000),('b17cb135-4fa5-4668-a281-b36342e76827','admin','ç ”å‘éƒ¨é—¨','127.0.0.1','å†…ç½‘IP','Chrome 8','Windows 10','on_line','2020-06-10 14:26:43','2020-06-10 14:26:43',1800000),('b3f7f610-b3a4-4fde-8328-28fe265b513c','admin','ç ”å‘éƒ¨é—¨','127.0.0.1','å†…ç½‘IP','Chrome 8','Windows 10','on_line','2020-06-10 14:28:33','2020-06-10 14:28:33',1800000),('b515a075-742c-43eb-8898-82a104257047','admin','ç ”å‘éƒ¨é—¨','127.0.0.1','å†…ç½‘IP','Chrome 8','Windows 10','on_line','2020-06-10 14:40:26','2020-06-10 14:40:26',1800000),('bf116c4c-fc55-4bb1-b38e-de38c1310b57','admin','ç ”å‘éƒ¨é—¨','127.0.0.1','å†…ç½‘IP','Chrome 8','Windows 10','on_line','2020-06-10 14:27:59','2020-06-10 14:27:59',1800000),('c2baf8da-51d6-410a-a8a8-7899e3a675d3','admin','ç ”å‘éƒ¨é—¨','127.0.0.1','å†…ç½‘IP','Chrome 8','Windows 10','on_line','2020-06-10 14:26:44','2020-06-10 14:26:44',1800000),('cb1dce78-45d8-4a35-9baa-c5afb27bc081','admin','ç ”å‘éƒ¨é—¨','127.0.0.1','å†…ç½‘IP','Chrome 8','Windows 10','on_line','2020-06-10 14:31:09','2020-06-10 14:31:09',1800000),('cf211449-b9e0-4dc1-9c8e-8b0350eb0e49','admin','ç ”å‘éƒ¨é—¨','127.0.0.1','å†…ç½‘IP','Chrome 8','Windows 10','on_line','2020-06-10 14:47:06','2020-06-10 14:47:06',1800000),('d1516179-692f-44e9-8433-7936fee198e5','admin','ç ”å‘éƒ¨é—¨','127.0.0.1','å†…ç½‘IP','Chrome 8','Windows 10','on_line','2020-06-10 14:46:34','2020-06-10 14:46:34',1800000),('d4de212a-4e59-4d21-8435-799bb5a7efe0','admin','ç ”å‘éƒ¨é—¨','127.0.0.1','å†…ç½‘IP','Chrome 8','Windows 10','on_line','2020-06-10 14:48:12','2020-06-10 14:57:07',1800000),('d5e827ba-aa26-4f58-bf8d-701b825135c5','admin','ç ”å‘éƒ¨é—¨','127.0.0.1','å†…ç½‘IP','Chrome 8','Windows 10','on_line','2020-06-10 14:29:31','2020-06-10 14:29:31',1800000),('dcf6153c-1e12-4be9-beed-322f47ce27f5','admin','ç ”å‘éƒ¨é—¨','127.0.0.1','å†…ç½‘IP','Chrome 8','Windows 10','on_line','2020-06-10 14:46:35','2020-06-10 14:46:35',1800000),('e1e723ef-a6cf-4f96-b247-8aff079ea4d4','admin','ç ”å‘éƒ¨é—¨','127.0.0.1','å†…ç½‘IP','Chrome 8','Windows 10','on_line','2020-06-10 14:31:19','2020-06-10 14:32:28',1800000),('e3433bc8-ffc5-4261-a6ef-57823d8ead1b','admin','ç ”å‘éƒ¨é—¨','127.0.0.1','å†…ç½‘IP','Chrome 8','Windows 10','on_line','2020-06-10 14:28:43','2020-06-10 14:28:43',1800000),('e60e8201-fef2-4294-8ac9-b518cfdad26c','admin','ç ”å‘éƒ¨é—¨','127.0.0.1','å†…ç½‘IP','Chrome 8','Windows 10','on_line','2020-06-10 14:25:32','2020-06-10 14:25:32',1800000),('f735a3e2-977a-484f-ab9e-22f643514cc0','admin','ç ”å‘éƒ¨é—¨','127.0.0.1','å†…ç½‘IP','Chrome 8','Windows 10','on_line','2020-06-10 14:28:33','2020-06-10 14:28:33',1800000),('f9de2b8f-f26f-4d34-a698-5a7c833ec446','admin','ç ”å‘éƒ¨é—¨','127.0.0.1','å†…ç½‘IP','Chrome 8','Windows 10','on_line','2020-06-10 14:46:59','2020-06-10 14:46:59',1800000),('fbec741f-b2db-4389-90d5-4bed043bfdcd','admin','ç ”å‘éƒ¨é—¨','127.0.0.1','å†…ç½‘IP','Chrome 8','Windows 10','on_line','2020-06-10 14:46:47','2020-06-10 14:46:47',1800000),('fd9fcffa-fe06-48c3-8d37-b85b61c1ad66','admin','ç ”å‘éƒ¨é—¨','127.0.0.1','å†…ç½‘IP','Chrome 8','Windows 10','on_line','2020-06-10 14:25:11','2020-06-10 14:25:11',1800000);

/*Table structure for table `sys_user_post` */

DROP TABLE IF EXISTS `sys_user_post`;

CREATE TABLE `sys_user_post` (
  `user_id` bigint(20) NOT NULL COMMENT 'ç”¨æˆ·ID',
  `post_id` bigint(20) NOT NULL COMMENT 'å²—ä½ID',
  PRIMARY KEY (`user_id`,`post_id`)
) ENGINE=InnoDB DEFAULT CHARSET=utf8 COMMENT='ç”¨æˆ·ä¸å²—ä½å…³è”è¡¨';

/*Data for the table `sys_user_post` */

insert  into `sys_user_post`(`user_id`,`post_id`) values (1,1),(2,2);

/*Table structure for table `sys_user_role` */

DROP TABLE IF EXISTS `sys_user_role`;

CREATE TABLE `sys_user_role` (
  `user_id` bigint(20) NOT NULL COMMENT 'ç”¨æˆ·ID',
  `role_id` bigint(20) NOT NULL COMMENT 'è§’è‰²ID',
  PRIMARY KEY (`user_id`,`role_id`)
) ENGINE=InnoDB DEFAULT CHARSET=utf8 COMMENT='ç”¨æˆ·å’Œè§’è‰²å…³è”è¡¨';

/*Data for the table `sys_user_role` */

insert  into `sys_user_role`(`user_id`,`role_id`) values (1,1),(2,2),(3,3);

/*!40101 SET SQL_MODE=@OLD_SQL_MODE */;
/*!40014 SET UNIQUE_CHECKS=@OLD_UNIQUE_CHECKS */;
/*!40111 SET SQL_NOTES=@OLD_SQL_NOTES */;
